col1,col2,col3,col4,col5,col6,col7,col8,col9,col10,col11,col12,col13
14 Taylor St,01835-703597,Alan D Rosenburg Cpa Pc,,Tomkiewicz,Aleshia,,St. Stephens Ward,Kent,CT2 7PP,01944-369967,atomkiewicz@hotmail.com,http://www.alandrosenburgcpapc.co.uk
5 Binney St,01937-864715,Cap Gemini America,,Zigomalas,Evan,,Abbey Ward,Buckinghamshire,HP11 2AX,01714-737668,evan.zigomalas@gmail.com,http://www.capgeminiamerica.co.uk
8 Moor Place,01347-368222,"Elliott, John W Esq",,Andrade,France,,East Southbourne and Tuckton W,Bournemouth,BH6 3BE,01935-821636,france.andrade@hotmail.com,http://www.elliottjohnwesq.co.uk
505 Exeter Rd,01912-771311,"Mcmahan, Ben L",,Mcwalters,Ulysses,,Hawerby cum Beesby,Lincolnshire,DN36 5RP,01302-601380,ulysses@hotmail.com,http://www.mcmahanbenl.co.uk
5396 Forth Street,01547-429341,Champagne Room,,Veness,Tyisha,,Greets Green and Lyng Ward,West Midlands,B70 9DT,01290-367248,tyisha.veness@hotmail.com,http://www.champagneroom.co.uk
9472 Lind St,01969-886290,"Thompson, Michael C Esq",,Rampy,Eric,,Desborough,Northamptonshire,NN14 2GH,01545-817375,erampy@rampy.co.uk,http://www.thompsonmichaelcesq.co.uk
7457 Cowl St #70,01865-582516,Wrangle Hill Auto Auct & Slvg,,Grasmick,Marg,,Bargate Ward,Southampton,SO14 3TY,01362-620532,marg@hotmail.com,http://www.wranglehillautoauctslvg.co.uk
20 Gloucester Pl #96,01746-394243,In Communications Inc,,Hisaw,Laquita,,Chirton Ward,Tyne & Wear,NE29 7AD,01590-982428,laquita@yahoo.com,http://www.incommunicationsinc.co.uk
929 Augustine St,01907-538509,Bizerba Usa Inc,,Manzella,Lura,,Staple Hill Ward,South Gloucestershire,BS16 4LL,01340-713951,lura@hotmail.com,http://www.bizerbausainc.co.uk
45 Bradfield St #166,01903-649460,Max Video,,Klapec,Yuette,,Parwich,Derbyshire,DE6 1QN,01933-512513,yuette.klapec@klapec.co.uk,http://www.maxvideo.co.uk
620 Northampton St,01630-202053,K & R Associates Inc,,Writer,Fernanda,,Wilmington,Kent,DA2 7PP,01687-879391,fernanda@writer.co.uk,http://www.krassociatesinc.co.uk
5 Hygeia St,01276-816806,"Cain, John M Esq",,Erm,Charlesetta,,Loundsley Green Ward,Derbyshire,S40 4LY,01517-624517,charlesetta_erm@gmail.com,http://www.cainjohnmesq.co.uk
2150 Morley St,01625-932209,Sound Vision Corp,,Jaret,Corrinne,,Dee Ward,Dumfries and Galloway,DG8 7DE,01642-322954,corrinne_jaret@gmail.com,http://www.soundvisioncorp.co.uk
24 Bolton St,01874-856950,Rowley/hansell Petetin,,Bruch,Niesha,,"Broxburn, Uphall and Winchburg",West Lothian,EH52 5TL,01342-793603,niesha.bruch@yahoo.com,http://www.rowleyhansellpetetin.co.uk
4 Forrest St,01976-755279,Industrial Engineering Assocs,,Gastellum,Rueben,,Weston-Super-Mare,North Somerset,BS23 3HG,01956-535511,rueben_gastellum@gastellum.co.uk,http://www.industrialengineeringassocs.co.uk
89 Noon St,01967-580851,Weiss Spirt & Guyer,,Throssell,Michell,,Carbrooke,Norfolk,IP25 6JQ,01672-496478,mthrossell@throssell.co.uk,http://www.weissspirtguyer.co.uk
99 Guthrie St,01326-532337,"Crowan, Kenneth W Esq",,Kanne,Edgar,,New Milton,Hampshire,BH25 5DF,01666-638176,edgar.kanne@yahoo.com,http://www.crowankennethwesq.co.uk
7 Richmond St,01253-528327,Rittenhouse Motor Co,,Julio,Dewitt,,Parkham,Devon,EX39 5DJ,01241-964675,dewitt.julio@hotmail.com,http://www.rittenhousemotorco.co.uk
9165 Primrose St,01719-831436,Modern Plastics Corp,,Spinello,Charisse,,Darnall Ward,"Yorkshire, South",S4 7WN,01207-428520,charisse_spinello@spinello.co.uk,http://www.modernplasticscorp.co.uk
9 Pengwern St,01578-287816,Galloway Electric Co Inc,,Lapinski,Mee,,Marldon,Devon,TQ3 1SA,01939-815208,mee.lapinski@yahoo.com,http://www.gallowayelectriccoinc.co.uk
4410 Tarlton St,01842-767201,Niagara Custombuilt Mfg Co,,Gutierres,Peter,,Prestatyn Community,Denbighshire,LL19 9EG,01859-648598,peter_gutierres@yahoo.com,http://www.niagaracustombuiltmfgco.co.uk
6949 Bourne St,01552-709248,Practical Periphrals,,Salvadore,Octavio,,Lye and Stourbridge North Ward,West Midlands,DY5 2QP,01743-139456,octavio.salvadore@yahoo.com,http://www.practicalperiphrals.co.uk
148 Rembrandt St,01677-684257,"Curtin, Patricia M Esq",,Teplica,Martha,,Warlingham,Surrey,CR6 9SW,01583-287367,mteplica@teplica.co.uk,http://www.curtinpatriciamesq.co.uk
2200 Nelson St #58,01217-342071,"Wilhelm, James E Jr",,Veigel,Tamesha,,Newport,Isle of Wight,PO30 5AL,01280-786847,tveigel@veigel.co.uk,http://www.wilhelmjamesejr.co.uk
61 Rossett St,01473-229124,Smart Signs,,Sitra,Tess,,Chichester,West Sussex,PO19 1RH,01848-116775,tess_sitra@hotmail.com,http://www.smartsigns.co.uk
41 Canning St,01230-623547,Arctic Star Distributing Inc,,Kufner,Leonard,,Steornabhagh a Deas Ward,Western Isles,HS1 2PZ,01604-718601,lkufner@kufner.co.uk,http://www.arcticstardistributinginc.co.uk
8289 Cadogan St,01781-827317,"Lensbower, Gregory L Esq",,Tauras,Svetlana,,South Ward,North Eart Lincolnshire,DN33 1AU,01509-121140,svetlana_tauras@tauras.co.uk,http://www.lensbowergregorylesq.co.uk
211 Hobart St,01866-248660,Portal Metal Products,,Molaison,Pok,,Newquay,Cornwall,TR7 1LS,01315-284286,pok@yahoo.com,http://www.portalmetalproducts.co.uk
114 Falkland St #8845,01541-802635,"Lynema, Cliff Cpa",,Growcock,Augustine,,Brimpton,Berkshire,RG7 4RF,01926-108010,augustine.growcock@growcock.co.uk,http://www.lynemacliffcpa.co.uk
1 Birkett St,01857-864722,J C S Machinery,,Quarto,Karma,,Shard End Ward,West Midlands,B33 0NH,01307-667811,kquarto@gmail.com,http://www.jcsmachinery.co.uk
5147 Blackstone St,01243-678286,"Berick, Joseph G Esq",,Weisinger,Reed,,Letchworth South West Ward,Hertfordshire,SG6 3LE,01292-297245,reed_weisinger@yahoo.com,http://www.berickjosephgesq.co.uk
7 Shenstone St,01400-269033,Jackson & Heit Machine Co Inc,,Zelaya,German,,Longhill Ward,"Yorkshire, East (North Humbers",HU8 9PZ,01366-210656,german@hotmail.com,http://www.jacksonheitmachinecoinc.co.uk
129 Alexander Pope St,01702-725589,Bridgeway Plan For Health,,Savidge,Milly,,Franche Ward,Hereford and Worcester,DY11 9BW,01421-132652,milly@gmail.com,http://www.bridgewayplanforhealth.co.uk
2 Birchfield Rd,01462-648669,Wa Inst For Plcy Studies,,Ear,Luis,,Whittington,Shropshire,SY11 4PH,01405-648623,luis@hotmail.com,http://www.wainstforplcystudies.co.uk
7523 Kempton Rd,01235-647932,Wmgl 101.7 Fm,,Cobbley,Ciara,,Cockerton West Ward,Darlington,DL3 0JF,01809-443217,ciara_cobbley@hotmail.com,http://www.wmglfm.co.uk
6305 Elstow St,01662-114247,"Hughlett, Henry T Jr",,Mould,Alethea,,Castle Ward,West Sussex,BN12 6PR,01351-868965,alethea@hotmail.com,http://www.hughletthenrytjr.co.uk
218 Greenbank Drive,01407-866759,Penrose Place Pharmacy Inc,,Loperfido,Margurite,,Devizes,Wiltshire,SN10 3DU,01640-661191,mloperfido@gmail.com,http://www.penroseplacepharmacyinc.co.uk
8921 Forge St,01822-563044,"Novak, Alan Paul Esq",,Sperazza,Vernice,,Colnbrook with Poyle,Buckinghamshire,SL3 0PY,01765-519419,vernice@yahoo.com,http://www.novakalanpaulesq.co.uk
3060 St Ambrose Grove #261,01327-770774,B & S Tool And Cutter Svc Inc,,Rawicki,Vicente,,Aldridge Central and South War,West Midlands,WS9 8UR,01286-258121,vicente_rawicki@hotmail.com,http://www.bstoolandcuttersvcinc.co.uk
8388 Bessemer St #5,01483-418969,"Berry, John M Esq",,Cua,Craig,,East Putney Ward,Greater London,SW15 2RP,01818-980469,craig@hotmail.com,http://www.berryjohnmesq.co.uk
87 Pownall Sq,01709-854691,"Alden, Michael H Esq",,Dulle,Jenise,,Sawston,Cambridgeshire,CB22 3BB,01572-193368,jenise.dulle@hotmail.com,http://www.aldenmichaelhesq.co.uk
39 Wye St,01609-882184,Ernest E Heuer & Company Pc,,Cornelison,Marylin,,Wakefield North Ward,West Yorkshire,WF1 1DR,01295-331807,marylin_cornelison@yahoo.com,http://www.ernesteheuercompanypc.co.uk
2732 Bostock St #1,01693-310794,"Frankel, Stephen",,Gunst,Marget,,St. Enoder,Cornwall,TR9 6NJ,01512-975244,mgunst@yahoo.com,http://www.frankelstephen.co.uk
5562 Fairfield St #847,01891-702579,Guynes Design Inc,,Bunselmeyer,Annett,,Ryde,Isle of Wight,PO33 1HH,01333-972244,abunselmeyer@hotmail.com,http://www.guynesdesigninc.co.uk
37 Meadow St,01850-347846,General Appraisal Co,,Turziano,Kip,,Laindon Park Ward,Essex,SS15 6LE,01222-164469,kip.turziano@yahoo.com,http://www.generalappraisalco.co.uk
3 Nevison St,01420-307327,Sheraton Inn Ocean Front,,Orizabal,Melina,,Lymington and Pennington,Hampshire,SO41 1DL,01245-559333,melina@gmail.com,http://www.sheratoninnoceanfront.co.uk
5662 William Moult St,01567-296442,Cooper Myers Y Co,,Clapham,Tina,,Aylesbury,Buckinghamshire,HP21 8PP,01493-245349,tclapham@gmail.com,http://www.coopermyersyco.co.uk
3 North View #35,01607-269930,Cash 4 Checks,,Devereux,Luisa,,Burmantofts and Richmond Hill ,West Yorkshire,LS9 7JH,01334-807355,ldevereux@gmail.com,http://www.cashchecks.co.uk
135 Opie St,01386-981141,Charlotte Chamber,,Aschoff,Pedro,,Howard Town Ward,Derbyshire,SK13 8BB,01823-517315,paschoff@yahoo.com,http://www.charlottechamber.co.uk
1 Askew St,01260-641258,Kisc 98 Kiss Fm,,Kunimitsu,Carrol,,Farnham,Surrey,GU9 9AS,01415-364461,carrol_kunimitsu@yahoo.com,http://www.kisckissfm.co.uk
4 Burnall St,01543-198690,"Schwartzbard, Gail L Esq",,Mosseri,Alba,,Beeston West Ward,Nottinghamshire,NG9 1AE,01231-806535,alba@gmail.com,http://www.schwartzbardgaillesq.co.uk
95 Denton St,01355-500797,Marketing Horizons Inc,,Sandlin,Domonique,,Wollaton West Ward,Nottinghamshire,NG8 2NB,01987-728730,domonique@hotmail.com,http://www.marketinghorizonsinc.co.uk
5 Chadwick St #7,01252-621329,"Brady, Brad J Esq",,Neufville,Rory,,Llangeler Community,Ceredigion,SA44 5HF,01442-700486,rory_neufville@neufville.co.uk,http://www.bradybradjesq.co.uk
67 Micawber St,01712-135466,Welders Supply,,Klingaman,Dustin,,Brockley Ward,Greater London,SE14 6RQ,01523-775781,dklingaman@gmail.com,http://www.welderssupply.co.uk
43 Williamson St #7995,01469-300335,Bomarko Inc,,Moonshower,Lyndia,,Meads Ward,East Sussex,BN20 7HB,01789-132579,lyndia_moonshower@moonshower.co.uk,http://www.bomarkoinc.co.uk
5 Howe St,01428-343825,"Benitez, Brigida Esq",,Hiltner,Jules,,"Broxburn, Uphall and Winchburg",West Lothian,EH52 6NF,01814-878359,jules@yahoo.com,http://www.benitezbrigidaesq.co.uk
7 Cheapside #9,01770-129032,Kennedy Scales Inc,,Kopczynski,Dong,,St. Ive,Cornwall,PL14 5PA,01639-518104,dkopczynski@kopczynski.co.uk,http://www.kennedyscalesinc.co.uk
85 Bridgewater St,01689-253476,Barajas & Bustamante Archl,,Salta,Justine,,Shard End Ward,West Midlands,B34 7BP,01376-851958,justine_salta@yahoo.com,http://www.barajasbustamantearchl.co.uk
763 Parkfield Rd,01823-383806,Brewster Wallcoverings Co,,Kamens,Chantay,,Norton Canes,Staffordshire,WS11 9RH,01245-146126,ckamens@hotmail.com,http://www.brewsterwallcoveringsco.co.uk
662 Grove Park,01835-634521,Bohs Well Drilling Inc,,Chisum,Tequila,,Bulwell Ward,Nottinghamshire,NG6 8RG,01702-946496,tequila.chisum@chisum.co.uk,http://www.bohswelldrillinginc.co.uk
5410 Lawton St,01383-647035,"Gavin, Lee W Esq",,Consolazio,Maybelle,,Treorchy Community,Rhondda Cynon Taff,CF42 6PL,01351-200904,mconsolazio@yahoo.com,http://www.gavinleewesq.co.uk
3 August Rd,01670-813697,"Reid, Carleton B Esq",,Bairo,Margarett,,Maybury and Sheerwater Ward,Surrey,GU21 5QL,01903-424890,margarett@gmail.com,http://www.reidcarletonbesq.co.uk
476 Starkie St,01472-324699,"Canterbury, Christopher C",,Noonon,Janessa,,Westgate Ward,Gloucestershire,GL1 1QW,01841-979075,jnoonon@yahoo.com,http://www.canterburychristopherc.co.uk
6448 Tillard St,01412-528394,Omni Mandalay,,Cowser,Sol,,Conisbrough and Denaby Ward,South Yorkshire,DN12 4JF,01580-134516,sol@gmail.com,http://www.omnimandalay.co.uk
3055 Creswick St,01670-234959,Lba Savings Bank,,Smethers,Louann,,Newbold and Brownsover Ward,Warwickshire,CV21 1LN,01488-872531,louann@gmail.com,http://www.lbasavingsbank.co.uk
7 Jolliffe St,01947-566661,"Lutz, Christopher T Esq",,Yadao,Lindsay,,Middlewich,Cheshire,CW10 9GB,01481-295251,lindsay_yadao@yadao.co.uk,http://www.lutzchristophertesq.co.uk
1175 Greig St,01532-497454,Association Of Art Museum Dir,,Hanton,Malika,,St. Marys Ward,Greater Manchester,M25 0ZN,01705-208145,malika@gmail.com,http://www.associationofartmuseumdir.co.uk
636 Portland Place,01743-977277,L & L Sales Co Inc,,Ferenz,Stefany,,Gresham Ward,Middlesbrough,TS1 4RG,01704-986828,stefany@hotmail.com,http://www.llsalescoinc.co.uk
41 Benedict St,01599-245408,"Cavuto, John A",,Cratch,Abraham,,Aldborough Ward,Greater London,IG2 7QG,01695-305111,acratch@gmail.com,http://www.cavutojohna.co.uk
62 Margaret St,01345-400452,Pacific Coast Packaging,,Rohaley,Giuseppe,,Royal Hospital Ward,Greater London,SW3 4ND,01866-845669,giuseppe@yahoo.com,http://www.pacificcoastpackaging.co.uk
5152 Sophia St,01655-519837,Storm Eye Institute,,Bassil,Kiera,,Woodstock Ward,South Gloucestershire,BS15 8DS,01783-446052,kbassil@bassil.co.uk,http://www.stormeyeinstitute.co.uk
1 Back Canning St,01837-530939,Automation Engrg & Mfg Inc,,Rubano,Wendell,,Dunblane and Bridge of Allan W,Stirling,FK9 4LD,01752-386691,wendell_rubano@hotmail.com,http://www.automationengrgmfginc.co.uk
9 Gradwell St,01262-808399,Packaging Corp Of America,,Stifflemire,Stevie,,Kempshott Ward,Hampshire,RG22 5HA,01411-169215,stevie_stifflemire@stifflemire.co.uk,http://www.packagingcorpofamerica.co.uk
9205 Upper Hill St,01350-332706,"Goe, Douglas E Esq",,Paletta,Yun,,City and Hunslet Ward,West Yorkshire,LS1 5QE,01374-255198,yun_paletta@paletta.co.uk,http://www.goedouglaseesq.co.uk
9 Horatio St,01686-306597,Burgess Steel Products Corp,,Thurm,Brittani,,Ruckinge,Kent,TN26 2PN,01970-890023,bthurm@yahoo.com,http://www.burgesssteelproductscorp.co.uk
61 Miriam St,01537-356648,Tipton & Hurst,,Venus,Billy,,Abbey Road Ward,Greater London,NW8 9BD,01703-435212,billy.venus@yahoo.com,http://www.tiptonhurst.co.uk
67 Pulford St,01388-416867,A O Hardee & Son Inc,,Elkan,Brynn,,Prittlewell Ward,Essex,SS2 6NL,01345-625433,brynn@yahoo.com,http://www.aohardeesoninc.co.uk
821 Pembroke Place,01589-654152,"Jonson, Geo D Esq",,Piehler,Elroy,,Kirkby Stephen,Cumbria,CA17 4RZ,01586-387018,epiehler@piehler.co.uk,http://www.jonsongeodesq.co.uk
3 Alder St,01780-704167,Dale Yoder Clu Life Hlth & Bus,,Shulick,Anisha,,Eaton Park Ward,Stoke-on-Trent,ST2 9AW,01268-233798,ashulick@yahoo.com,http://www.daleyoderclulifehlthbus.co.uk
80 Morecambe St,01355-192668,Council Of Cmnty Blood Ctrs,,Kham,Bettina,,Bishop Auckland,County Durham,DL14 6NG,01340-622388,bettina.kham@kham.co.uk,http://www.councilofcmntybloodctrs.co.uk
7866 Renshaw St #283,01823-526645,"Tremont, Michael A Esq",,Mancilla,Velda,,Falmouth,Cornwall,TR11 4QQ,01368-456268,velda_mancilla@mancilla.co.uk,http://www.tremontmichaelaesq.co.uk
658 Lake St,01777-469402,"Trautman, Eileen Esq",,Brace,Marta,,Malmesbury,Wiltshire,SN16 0XZ,01631-454193,marta.brace@brace.co.uk,http://www.trautmaneileenesq.co.uk
5382 Redfern St,01961-642757,Office Service Co,,Vanwyhe,Juan,,West End Ward,Greater London,W1J 0QH,01728-150282,juan_vanwyhe@gmail.com,http://www.officeserviceco.co.uk
45 Bidder St #38,01367-136951,Alphabetland Pre School Center,,Filion,Lelia,,Town Ward,Greater London,EN1 3HT,01322-715065,lelia.filion@filion.co.uk,http://www.alphabetlandpreschoolcenter.co.uk
6766 Britton St #379,01912-749219,Shamrock Food Service,,Frankel,Una,,Crompton Ward,Greater Manchester,BL1 3EX,01308-356704,ufrankel@hotmail.com,http://www.shamrockfoodservice.co.uk
7 Lear Rd,01779-720349,Central Hrdwr & Elec Corp,,Joulwan,Eva,,Stroud,Hampshire,GU32 3PQ,01961-802899,eva.joulwan@gmail.com,http://www.centralhrdwreleccorp.co.uk
2577 Toxteth St #5,01527-579687,Matt Parrott & Sons Co,,Dormanen,Mammie,,Overton Ward,Lancashire,BB6 7UN,01439-184366,mammie_dormanen@hotmail.com,http://www.mattparrottsonsco.co.uk
761 Cockerell St #1,01927-790069,Tiny Tots Originals Div,,Coolidge,Jeannetta,,Midway Ward,Derbyshire,DE11 0HE,01440-276155,jeannetta_coolidge@gmail.com,http://www.tinytotsoriginalsdiv.co.uk
9 Cypress St,01753-784273,"Lovitch, Alan F",,Drawe,Elbert,,Washington East Ward,Tyne and Wear,NE38 9AQ,01496-526674,edrawe@drawe.co.uk,http://www.lovitchalanf.co.uk
6 Romilly St,01312-233253,Wise Industries,,Gazzola,Lenny,,Walkergate Ward,Tyne and Wear,NE6 4YH,01342-706893,lenny.gazzola@yahoo.com,http://www.wiseindustries.co.uk
51 St Anne St #12,01241-273991,East County Process,,Alpheaus,Mira,,Stratfield Mortimer,Berkshire,RG7 3RA,01381-836777,mira.alpheaus@yahoo.com,http://www.eastcountyprocess.co.uk
823 Idris St,01898-134749,Agopgee Enterprises Inc,,Ungar,Cathern,,Selston,Nottinghamshire,NG16 5LG,01266-671305,cathern.ungar@ungar.co.uk,http://www.agopgeeenterprisesinc.co.uk
8764 Nickleby St #877,01478-110943,L Winik & Associates Inc,,Fleckles,Malcom,,Govan Ward,Glasgow City,G51 1BQ,01937-120539,malcom.fleckles@gmail.com,http://www.lwinikassociatesinc.co.uk
5344 Bengel St #5,01402-733903,"Rosati, Marc D Esq",,Damato,Monroe,,Millwall Ward,Greater London,E14 5DR,01440-164945,mdamato@damato.co.uk,http://www.rosatimarcdesq.co.uk
8880 Great Howard St #7750,01358-446391,Rust Evader Corp,,Fletchen,Leota,,Sefton,Merseyside,L29 7WD,01414-780251,lfletchen@gmail.com,http://www.rustevadercorp.co.uk
9 Oakleigh,01448-211489,Budget Annex,,Gutoski,Berry,,Lancing,West Sussex,BN15 9BN,01929-400879,berry@gmail.com,http://www.budgetannex.co.uk
83 Denbigh St Bootle,01462-474800,Kiqo Pure Gold Oldies 104 Fm,,Riherd,Meghan,,St. Gluvias,Cornwall,TR3 7AZ,01650-129106,meghan@riherd.co.uk,http://www.kiqopuregoldoldiesfm.co.uk
30 Aughton St,01240-600327,Segall Majestic Inc,,Torner,Mike,,Hilton,Aberdeenshire,AB24 2RR,01408-918612,mike_torner@torner.co.uk,http://www.segallmajesticinc.co.uk
260 Saxon St,01537-525550,Taos Valley Resort Assn,,Delisle,Elsa,,Brooklands Ward,Greater Manchester,M33 4BP,01204-471598,elsa_delisle@gmail.com,http://www.taosvalleyresortassn.co.uk
3 Pyramid St,01546-942059,Exhibit Crafts Inc,,Rosenlof,Linwood,,Eccleston Ward,Merseyside,WA10 3BW,01244-769346,linwood.rosenlof@yahoo.com,http://www.exhibitcraftsinc.co.uk
37 Langham St #948,01704-508066,"Laitinen, Stephen B Esq",,Alexy,Latosha,,St. Georges Hill Ward,Surrey,KT13 0AZ,01662-268374,latosha@yahoo.com,http://www.laitinenstephenbesq.co.uk
94 Villars St,01560-328739,Herr Foods Inc,,Meenan,Alexia,,Launcells,Cornwall,EX23 9LG,01270-931388,alexia.meenan@meenan.co.uk,http://www.herrfoodsinc.co.uk
73 Hawkstone St,01860-191930,Tiburon Pen Chmbr Commrce Inc,,Stanwick,Graham,,Renfrew South & Gallowhill War,Dunbartonshire,G52 4YG,01409-786106,gstanwick@gmail.com,http://www.tiburonpenchmbrcommrceinc.co.uk
123 Sussex St,01457-837447,Agri Business Insurance Agency,,Fulda,Elinore,,Astley Bridge Ward,Greater Manchester,BL1 6PY,01403-864306,elinore.fulda@fulda.co.uk,http://www.agribusinessinsuranceagency.co.uk
484 Barry St,01931-620849,"Gerstenfeld, Gerald F Esq",,Creecy,Lisbeth,,Shiney Row Ward,County Durham,DH4 7RG,01825-623398,lcreecy@gmail.com,http://www.gerstenfeldgeraldfesq.co.uk
7033 Micawber St,01337-695353,"Mcdonald, Michael J Esq",,Faurote,Eloisa,,Bintree,Norfolk,NR20 5NQ,01747-999761,eloisa.faurote@hotmail.com,http://www.mcdonaldmichaeljesq.co.uk
33 Vipond St,01413-348876,Best Western Riverview Inn,,Cantua,Shawana,,Woodhall Farm Ward,Hertfordshire,HP2 7JP,01659-621050,shawana@yahoo.com,http://www.bestwesternriverviewinn.co.uk
85 Hero St,01632-887825,"Berg, Michael D Esq",,Ansbro,Alyssa,,Stanhope,County Durham,DL13 2TZ,01585-967862,alyssa_ansbro@gmail.com,http://www.bergmichaeldesq.co.uk
77 Reading St #8,01235-173362,Nature Conservancy,,Mcmillian,Kyoko,,North Tawton,Devon,EX20 2TR,01371-735347,kyoko_mcmillian@gmail.com,http://www.natureconservancy.co.uk
274 Altcar Ave,01555-550015,"Walker, Susan S Esq",,Gauthier,Terry,,Catterick,North Yorkshire,DL10 7NU,01793-749131,tgauthier@yahoo.com,http://www.walkersusansesq.co.uk
38 Avondale Rd #79,01756-678490,Alternative Collection Svc Inc,,Langenbach,Sena,,Kilmersdon,Somerset,BA3 5SJ,01836-695245,sena.langenbach@hotmail.com,http://www.alternativecollectionsvcinc.co.uk
4679 Curzon St,01354-864473,"Johnson, Matthew E Esq",,Nesset,Cristen,,Central Ward,Lancashire,BB5 0SJ,01994-347546,cnesset@nesset.co.uk,http://www.johnsonmattheweesq.co.uk
13 Nelson Rd,01676-780022,"Thornsjo, Dale O Esq",,Ker,Lashawn,,Filwood Ward,Bristol,BS4 1HT,01470-187069,lashawn.ker@gmail.com,http://www.thornsjodaleoesq.co.uk
2546 Hunter St,01712-978062,Manhattan Supply Co Deer Pk,,Sovel,Wade,,Central Buchan Ward,Aberdeenshire,AB53 6YD,01317-960371,wade@hotmail.com,http://www.manhattansupplycodeerpk.co.uk
77 Mason St #650,01224-605237,Clifford Standifer & Mcdowell,,Tishler,Whitney,,Smallbridge and Firgrove Ward,Greater Manchester,OL16 3AW,01948-891701,whitney@gmail.com,http://www.cliffordstandifermcdowell.co.uk
94 Wakefield St,01378-234592,Universal Case Co,,Conatser,Deja,,Lavenham,Suffolk,CO10 9PU,01879-981256,deja.conatser@hotmail.com,http://www.universalcaseco.co.uk
529 Stalmine Rd #3680,01807-346103,A O J Mfg Corp,,Casper,Earnestine,,Saffron Walden,Essex,CB11 4DJ,01260-744622,earnestine_casper@hotmail.com,http://www.aojmfgcorp.co.uk
52 Morningside Rd #1,01295-678319,Paralegal Personnel,,Marruffo,Frankie,,Cilybebyll Community,Neath Port Talbot,SA8 3HE,01966-999493,fmarruffo@gmail.com,http://www.paralegalpersonnel.co.uk
94 Enid St,01333-642646,Sunderland Publishing Co,,Dease,Paola,,Birchington,Kent,CT7 9BG,01419-231768,pdease@gmail.com,http://www.sunderlandpublishingco.co.uk
661 Great Crosshall St,01936-611490,"Godfroy, William Esq",,Hawkin,Rodrigo,,Forth Ward,City of Edinburgh,EH5 2LR,01280-275755,rodrigo@hotmail.com,http://www.godfroywilliamesq.co.uk
227 Albert Terrace,01536-639256,Crossroads Travel Service Inc,,Alsman,Luther,,Belvedere Ward,Greater London,DA17 6EF,01494-500403,luther@gmail.com,http://www.crossroadstravelserviceinc.co.uk
464 Back Nile St #618,01728-100333,Sarrail Lynch & Hall,,Dondero,Casey,,Acton Central Ward,Greater London,W3 6QJ,01862-338494,casey.dondero@hotmail.com,http://www.sarraillynchhall.co.uk
42 Eastwood St,01996-854517,Typesetters,,Bontemps,Ressie,,Walton Ward,Cambridgeshire,PE4 6HB,01616-608138,ressie_bontemps@bontemps.co.uk,http://www.typesetters.co.uk
2877 Grain St,01773-139510,Cooper Electric Supply Co,,Schurman,Sean,,Caversham Ward,Berkshire,RG4 5DE,01423-385669,sean.schurman@schurman.co.uk,http://www.cooperelectricsupplyco.co.uk
13 Stockdale St #779,01763-475078,Mcallister & Murphy Pc,,Pince,Celestina,,Abingdon on Thames,Oxfordshire,OX14 5QH,01434-734867,cpince@pince.co.uk,http://www.mcallistermurphypc.co.uk
9 Cropper St,01582-839217,"Blanton, Mary R Attorney",,Karas,Maira,,Northgate Ward,West Sussex,RH10 1YJ,01927-384903,maira.karas@yahoo.com,http://www.blantonmaryrattorney.co.uk
3 Gaskell St,01210-926114,Upper Deck Co,,Barbone,Beth,,Tynemouth Ward,Tyne and Wear,NE30 2NB,01521-151330,bbarbone@barbone.co.uk,http://www.upperdeckco.co.uk
5221 Royston St,01912-146880,Victory Coating,,Nobel,Wei,,Eccleshall,Staffordshire,ST21 6GA,01608-570699,wei_nobel@hotmail.com,http://www.victorycoating.co.uk
83 St Johns Lane #43,01515-360513,Twining Nemia & Steflik,,Slotemaker,Melissia,,Linlithgow Ward,West Lothian,EH49 7LS,01936-295031,mslotemaker@gmail.com,http://www.twiningnemiasteflik.co.uk
603 Pall Mall,01694-424205,Jeanettes Drapery & Upholstery,,Akey,Letha,,Layton Ward,Lancashire,FY3 8ND,01605-583419,letha_akey@akey.co.uk,http://www.jeanettesdraperyupholstery.co.uk
76 Dawber St #6,01939-738818,"Prugh, Pamela J Cpa",,Semrad,Isaac,,Blackheath Westcombe Ward,Greater London,SE3 7JY,01798-503274,isaac.semrad@semrad.co.uk,http://www.prughpamelajcpa.co.uk
3380 Alexander St,01710-435506,"Neeley, Gregory W Esq",,Klipfel,Kristine,,Moulsham and Central Ward,Essex,CM1 9QQ,01396-935784,kristine.klipfel@yahoo.com,http://www.neeleygregorywesq.co.uk
216 Lissant St #8,01712-248851,Village Business Center,,Moussette,Odette,,Great Dunmow,Essex,CM6 1DQ,01626-260974,odette_moussette@gmail.com,http://www.villagebusinesscenter.co.uk
92 Phythian St #614,01245-353227,"Carlin, Angela G Esq",,Panfilov,Hobert,,Gweek,Cornwall,TR11 5RR,01518-554407,hobert@gmail.com,http://www.carlinangelagesq.co.uk
792 Queens Rd,01526-145485,Fan Shop,,Mchughes,Isadora,,Stretford Ward,Greater Manchester,M32 8LR,01338-403471,isadora.mchughes@mchughes.co.uk,http://www.fanshop.co.uk
5196 York St,01416-913482,Mccartney Printing Services,,Pogorelc,Emily,,Orsett Ward,Essex,SS17 8NS,01439-493163,emily.pogorelc@yahoo.com,http://www.mccartneyprintingservices.co.uk
428 Kearsley St,01819-701096,Greater Cinc Schl Empl Crdt Un,,Barresi,Desire,,Hatton,Warwickshire,CV35 7UA,01970-482055,desire@gmail.com,http://www.greatercincschlemplcrdtun.co.uk
8 Chestnut St,01918-999052,"Haar, Allen F",,Stamps,Rosalind,,Barrowford,Lancashire,BB9 6EW,01736-843257,rosalind.stamps@stamps.co.uk,http://www.haarallenf.co.uk
998 Roe St #6,01954-363885,Harmons,,Connley,Vernell,,Bellingham,Northumberland,NE48 2BX,01585-863534,vernell@hotmail.com,http://www.harmons.co.uk
3 Copenhagen Rd,01857-518738,Mail Boxes Etc,,Mathieson,Micheline,,George St,Aberdeenshire,AB25 3UZ,01247-541211,micheline.mathieson@yahoo.com,http://www.mailboxesetc.co.uk
293 Vivian St,01555-702650,Grt Amercn Fed Svngs & Ln Assn,,Outhouse,Nathan,,South Jesmond Ward,Tyne and Wear,NE2 1EY,01364-499130,nathan.outhouse@gmail.com,http://www.grtamercnfedsvngslnassn.co.uk
8 Barlow St #6,01731-825958,Allied Plastics,,Burau,Allene,,Barlow,Derbyshire,S18 7TH,01260-963065,allene.burau@hotmail.com,http://www.alliedplastics.co.uk
5 Shakspeare St #66,01225-180983,Newton Clerk,,Sakshaug,Julie,,St. Johns Ward,Hereford and Worcester,B61 8HD,01641-570473,julie@gmail.com,http://www.newtonclerk.co.uk
7 Carolina St,01345-878334,"Thompson, Chesney Md",,Shuhi,Francisca,,Bodmin,Cornwall,PL31 1QF,01639-663121,fshuhi@shuhi.co.uk,http://www.thompsonchesneymd.co.uk
52 Trowbridge St,01257-461104,Young Door Company,,Wilcoxon,Marisha,,Knightsbridge and Belgravia Wa,Greater London,SW1X 9HB,01422-891030,marisha.wilcoxon@gmail.com,http://www.youngdoorcompany.co.uk
25 Village St,01500-649863,Reliable Yard Service,,Maraia,Telma,,Elgin City South Ward,Moray,IV30 1SB,01531-881940,telma@maraia.co.uk,http://www.reliableyardservice.co.uk
4 Peach St #5112,01375-820236,M D & W Railway,,Crete,Luke,,Halstead,Kent,TN14 7EF,01268-175772,luke.crete@crete.co.uk,http://www.mdwrailway.co.uk
3614 Old Hall St #604,01408-965643,Chuckmaster Co,,Mias,Hubert,,Fawley,Hampshire,SO45 2PT,01857-225719,hubert.mias@gmail.com,http://www.chuckmasterco.co.uk
3768 Hey Green Rd,01746-505364,"Shannon, Paul V Esq",,Altobell,Janella,,Hartshill,Warwickshire,CV10 0TH,01411-597527,jaltobell@hotmail.com,http://www.shannonpaulvesq.co.uk
97 Newlands St,01544-247601,Computemp,,Lavista,Angelo,,Kensington and Fairfield Ward,Merseyside,L6 9DU,01210-307796,angelo.lavista@gmail.com,http://www.computemp.co.uk
6226 Maitland St,01609-235350,N Rockland Educl Fed Crdt Un,,Mandiola,Tran,,West Bromwich Central Ward,West Midlands,B70 6DR,01957-151083,tran.mandiola@hotmail.com,http://www.nrocklandeduclfedcrdtun.co.uk
891 Crocus St,01951-872658,A All In One Construction,,Vanhooser,Reynalda,,Rowley Ward,West Midlands,B65 8EZ,01350-811035,reynalda@vanhooser.co.uk,http://www.aallinoneconstruction.co.uk
1 Segrave St,01858-162078,Barnett Industries Inc,,Rieger,Salley,,Sutton Trinity Ward,West Midlands,B75 6HJ,01992-655281,salley.rieger@gmail.com,http://www.barnettindustriesinc.co.uk
666 Moor Place,01780-380120,Blaineco Structural Movers,,Yurich,Cheryll,,Shepway South Ward,Kent,ME15 8ST,01494-202350,cheryll_yurich@yurich.co.uk,http://www.blainecostructuralmovers.co.uk
1554 Christopher St,01976-784016,Green Point Savings Bank,,Viengxay,Crista,,Everton Ward,Merseyside,L6 1BG,01584-387727,crista@yahoo.com,http://www.greenpointsavingsbank.co.uk
55 Margaret Rd,01316-590173,Sherpa Corp,,Sutulovich,Lino,,Heaton Ward,"Yorkshire, West",BD9 4DA,01980-890046,lino.sutulovich@gmail.com,http://www.sherpacorp.co.uk
8830 Antonio St,01220-653456,"Russell, Amelia Mosley Esq",,Wendorf,Galen,,Gillingham North Ward,Kent,ME7 1DZ,01420-489285,galen.wendorf@wendorf.co.uk,http://www.russellameliamosleyesq.co.uk
82 Sinclair St,01455-565046,Inter American Press Assn,,Langarica,Gilbert,,Bangor Community,Gwynedd,LL57 1DW,01432-324277,gilbert.langarica@gmail.com,http://www.interamericanpressassn.co.uk
7568 Atlas St,01255-383731,Eagle Newspapers,,Goossen,Whitney,,Butterwick,Lincolnshire,PE22 0HY,01392-955534,whitney.goossen@hotmail.com,http://www.eaglenewspapers.co.uk
93 Clyde Rd #9,01311-567052,Martin Morrissey,,Abrahams,Socorro,,Deepdale Ward,Lancashire,PR1 6TN,01387-779081,socorro_abrahams@abrahams.co.uk,http://www.martinmorrissey.co.uk
18 Nimrod St,01640-813748,"Callender, William C Esq",,Flam,Mauricio,,Walney North Ward,Cumbria,LA14 3SJ,01829-160968,mflam@gmail.com,http://www.callenderwilliamcesq.co.uk
6 Cannock St,01490-898175,"Duffield, Michael C",,Aloi,Phillip,,Scarcroft,West Yorkshire,LS14 3BW,01867-710914,paloi@hotmail.com,http://www.duffieldmichaelc.co.uk
2258 Benedict St,01582-161403,Advanced Data Systems,,Erixon,Gilberto,,Penryn,Cornwall,TR10 8RP,01749-718702,gerixon@gmail.com,http://www.advanceddatasystems.co.uk
9302 Ismay St #6,01506-152661,"Drubner, Norman S Esq",,Puskarich,Thad,,Tenterden,Kent,TN30 6JP,01686-258819,thad_puskarich@puskarich.co.uk,http://www.drubnernormansesq.co.uk
3347 Lawrence Rd #456,01676-354943,Desktop Center,,Favaron,Bambi,,Haverstock Ward,Greater London,NW5 4EU,01588-347636,bambi.favaron@yahoo.com,http://www.desktopcenter.co.uk
47 Elwy St,01913-454226,Viking Lodge,,Kozikowski,Marshall,,Kilpatrick Ward,West Dunbart,G81 6RT,01738-622885,marshall@hotmail.com,http://www.vikinglodge.co.uk
553 Picton Rd,01274-659801,"Rosenkrance, Brent",,Wiederin,Chery,,Astley Mosley Common Ward,Greater Manchester,M29 7AA,01411-236922,cwiederin@yahoo.com,http://www.rosenkrancebrent.co.uk
9986 Cantsfield St,01904-227024,Holiday House Apts,,Montecalvo,Eileen,,St. Peters Ward,Tyne and Wear,SR6 9SD,01278-578708,eileen@yahoo.com,http://www.holidayhouseapts.co.uk
1 Sussex St,01431-484822,Or Draymen & Warehousemans,,Szpak,Melita,,Cyfarthfa Community,Merthyr Tydfil,CF48 1AR,01294-348695,melita.szpak@szpak.co.uk,http://www.ordraymenwarehousemans.co.uk
9548 Ogwen St #84,01740-739731,"Haney, Tom C Md",,Jessie,Ashley,,Baguley Ward,Greater Manchester,M23 9GB,01598-368995,ashley_jessie@jessie.co.uk,http://www.haneytomcmd.co.uk
57 St Georges Hill,01550-206220,Burlington Co Library,,Fend,Laila,,Crawcrook and Greenside Ward,Tyne and Wear,NE40 4LJ,01624-621665,lfend@gmail.com,http://www.burlingtoncolibrary.co.uk
385 Upper Hampton St #39,01496-781616,Geneva Woods Professional Ctr,,Guillereault,Bobbie,,Southey Ward,South Yorkshire,S5 8LL,01606-682963,bguillereault@gmail.com,http://www.genevawoodsprofessionalctr.co.uk
6378 Lyell St #48,01847-224345,Chile Pepper Magazine,,Paluszynski,Dana,,Trossachs and Teith Ward,Stirling,FK21 8TJ,01907-198323,dpaluszynski@paluszynski.co.uk,http://www.chilepeppermagazine.co.uk
675 Falstaff St #170,01773-691786,"Flash, Elena Salerno Esq",,Newyear,Freida,,Chapel-en-le-Frith,Derbyshire,SK23 0QG,01890-803440,freida_newyear@yahoo.com,http://www.flashelenasalernoesq.co.uk
87 Pelops St,01387-155607,Owensboro Brick & Tile,,Cellucci,Val,,Kings Norton Ward,West Midlands,B38 8PL,01488-893833,vcellucci@yahoo.com,http://www.owensborobricktile.co.uk
5 Eyes St,01924-556297,Mouw & Celello Pc,,Knapp,Horace,,Mid and Upper Nithsdale Ward,Dumfries and Galloway,DG4 6LF,01459-140651,horace.knapp@yahoo.com,http://www.mouwcelellopc.co.uk
2427 Olney St #7,01320-402522,Visiting Nur Assn Ctrl Jersey,,Reinecke,Joana,,Amersham,Buckinghamshire,HP6 6JH,01866-827990,jreinecke@reinecke.co.uk,http://www.visitingnurassnctrljersey.co.uk
805 Westbank Rd,01270-562265,C C Industries,,Schlichter,Tiara,,North Heywood Ward,Greater Manchester,OL10 2DU,01769-234788,tiara_schlichter@schlichter.co.uk,http://www.ccindustries.co.uk
36 Cranmer St #4697,01984-926059,Nelson & Paulson Chartered,,Swaisgood,Dacia,,Little Hereford,Shropshire,SY8 4LE,01275-123842,dacia.swaisgood@swaisgood.co.uk,http://www.nelsonpaulsonchartered.co.uk
2 Kirkdale Rd,01897-419567,Capital Thrpy & Spts Medcn Inc,,Babineaux,Myong,,Canning Town North Ward,Greater London,E16 4NF,01801-288675,mbabineaux@babineaux.co.uk,http://www.capitalthrpysptsmedcninc.co.uk
4687 Atherton St,01257-354396,Sun Toledo Refinery Co,,Bleile,Gene,,Springfield Ward,West Midlands,B11 4HB,01546-626491,gene_bleile@bleile.co.uk,http://www.suntoledorefineryco.co.uk
513 Bailey St,01770-697837,"Mata, Mario A Esq",,Difiora,Kanisha,,Bontnewydd Community,Gwynedd,LL54 7UP,01426-535429,kanisha@gmail.com,http://www.matamarioaesq.co.uk
620 Old Leeds St,01284-871485,Meredith Paving Corp,,Moeder,Ayesha,,Sheviock,Cornwall,PL11 3DF,01800-737237,ayesha@gmail.com,http://www.meredithpavingcorp.co.uk
5149 Maria Rd,01218-415062,Philosophical Rsrch Scty Bkstr,,Smalarz,Lanie,,Peterlee,County Durham,SR8 5RL,01279-431606,lanie.smalarz@yahoo.com,http://www.philosophicalrsrchsctybkstr.co.uk
8 Taylor St,01507-519053,New Jersey Tanning Co Inc,,Polintan,Jaleesa,,Shrub End Ward,Essex,CO2 9LW,01973-332478,jpolintan@polintan.co.uk,http://www.newjerseytanningcoinc.co.uk
588 Venmore St,01794-317624,All County Inc,,Flotow,Tamekia,,Twickenham Riverside Ward,Greater London,TW1 2QH,01958-330790,tamekia.flotow@hotmail.com,http://www.allcountyinc.co.uk
1 Newby St,01291-565542,Mail Boxes Etc,,Otey,Ula,,Coleshill,Warwickshire,B46 3LZ,01581-469043,ula@hotmail.com,http://www.mailboxesetc.co.uk
5588 Lake St #903,01404-343160,Elmark Graphics Inc,,Ratel,Rosendo,,Crystal Palace Ward,Greater London,SE19 2TJ,01276-749323,rratel@yahoo.com,http://www.elmarkgraphicsinc.co.uk
9112 Hardwick St,01651-232745,Interdependence Associates Inc,,Lintner,Timmy,,Bowes,County Durham,DL12 9JB,01711-826233,tlintner@hotmail.com,http://www.interdependenceassociatesinc.co.uk
2395 Gloucester Pl,01368-497445,Mmm Design Group,,Speltz,Zita,,Halliwell Ward,Greater Manchester,BL1 6DS,01215-755682,zita_speltz@yahoo.com,http://www.mmmdesigngroup.co.uk
341 Birchfield St,01341-997268,Pathe Cmptr Cntrl Systems Corp,,Lemm,Aleisha,,Wareham St. Martin,Dorset,BH16 6JJ,01864-899304,aleisha.lemm@gmail.com,http://www.pathecmptrcntrlsystemscorp.co.uk
9854 Ranelagh Place,01469-888112,Torrefazione Italia Inc,,Lavezzo,Naomi,,Finedon,Northamptonshire,NN9 5EN,01367-310764,naomi.lavezzo@yahoo.com,http://www.torrefazioneitaliainc.co.uk
8 Nova Scotia,01816-462521,"Sawyer, Robert M Esq",,Bowling,Aretha,,Caerphilly Community,Caerphilly,CF83 3AF,01486-709301,aretha@hotmail.com,http://www.sawyerrobertmesq.co.uk
72 Lime Place,01300-650262,U S Sapporo A Inc,,Figuera,Mila,,Old Newton with Dagworth,Suffolk,IP14 4HG,01573-159208,mila_figuera@yahoo.com,http://www.ussapporoainc.co.uk
907 Denman St,01998-694754,"Teti, Louis N Esq",,Zuehl,Orville,,Crowle and Ealand,North Lincolnshire,DN17 4EN,01752-405851,orville_zuehl@zuehl.co.uk,http://www.tetilouisnesq.co.uk
5 Garfield St #9,01404-425588,Levy Security Consultants Ltd,,Geschke,Gabriele,,Milton Regis Ward,Kent,ME10 2EJ,01902-692529,gabriele@geschke.co.uk,http://www.levysecurityconsultantsltd.co.uk
345 Feltwell Rd,01691-316298,El Adobe Inn,,Jaquish,Kara,,St. Michaels and Wicksteed War,Northamptonshire,NN15 6BB,01503-303797,kara@yahoo.com,http://www.eladobeinn.co.uk
1 Towson St,01753-900033,Mcmahan Mcmahan & Brinkley,,Lin,Kenny,,Howe of Fife and Tay Coast War,Fife,KY14 6AH,01473-417906,kenny@lin.co.uk,http://www.mcmahanmcmahanbrinkley.co.uk
4 Candia St #6,01311-723137,Accurate Engraving Co,,Sugai,Vashti,,Shipston on Stour,Warwickshire,CV36 4HE,01528-551210,vashti@gmail.com,http://www.accurateengravingco.co.uk
2 Cherry Lane,01793-443665,Shirleys Print Shoppe,,Handsaker,Jordan,,Strood South Ward,Kent,ME2 2NJ,01964-984369,jordan_handsaker@gmail.com,http://www.shirleysprintshoppe.co.uk
7 Britannia Ave #875,01911-775929,Schwend Signs,,Degenhardt,Carisa,,Newton-with-Clifton,Lancashire,PR4 3RQ,01913-319581,carisa.degenhardt@degenhardt.co.uk,http://www.schwendsigns.co.uk
63 Brunswick Sq,01344-670413,K C Products Co,,Danaher,Audrie,,Llanelli Rural Community,Carmarthenshire,SA15 5YN,01956-885635,adanaher@yahoo.com,http://www.kcproductsco.co.uk
5 Gainsborough Rd,01658-509610,Engelbrecht Ackerman & Hassman,,Rodamis,Shaunna,,Newington Ward,Greater London,SE1 6EH,01529-959860,shaunna.rodamis@yahoo.com,http://www.engelbrechtackermanhassman.co.uk
745 Goodall St #9309,01956-525612,Valley Prodn Ctr For Vid & Aud,,Langer,Coleen,,Much Wenlock,Shropshire,TF13 6HB,01746-728526,coleen.langer@hotmail.com,http://www.valleyprodnctrforvidaud.co.uk
1267 Alderson Rd,01606-772920,Coastal Technologies,,Choinski,Katie,,Churchdown,Gloucestershire,GL3 2BA,01762-227896,katie@choinski.co.uk,http://www.coastaltechnologies.co.uk
2 Gay St #3702,01675-779811,Goodfellow Agency,,Brau,Dannie,,Werrington South Ward,Cambridgeshire,PE7 2QA,01380-595884,dbrau@brau.co.uk,http://www.goodfellowagency.co.uk
3409 Benns Gardens,01352-599278,Denticator,,Donn,Ashanti,,Hollington Ward,East Sussex,TN38 9NE,01721-697548,adonn@yahoo.com,http://www.denticator.co.uk
1 Lower Burlington St,01974-720949,L & M Industrial Chemicals Inc,,Dubberly,Madalyn,,Northfleet South Ward,Kent,DA11 8RN,01910-745476,madalyn.dubberly@gmail.com,http://www.lmindustrialchemicalsinc.co.uk
4706 Chapel Place #5993,01614-431131,"Gallagher, John J Esq",,Signore,Santos,,Steyning,West Sussex,BN44 3DF,01670-346228,santos@gmail.com,http://www.gallagherjohnjesq.co.uk
4 Mather St,01361-927368,"Sadowski, Jeffrey A",,Flamino,Alyce,,Holbrook Ward,West Midlands,CV6 4BN,01678-781372,alyce@yahoo.com,http://www.sadowskijeffreya.co.uk
9960 Gilroy Rd,01329-374051,Rug Gallery,,Ero,Pearly,,Woodhouse Ward,Greater London,N12 9JT,01408-866700,pero@hotmail.com,http://www.ruggallery.co.uk
3 Burnall St,01373-498883,"Watson, Richard I Md",,Nitschke,Cherrie,,Keighley,West Yorkshire,BD20 6DA,01955-289452,cherrie_nitschke@yahoo.com,http://www.watsonrichardimd.co.uk
8 Bigham Rd,01950-708083,Pigeon Falls State Bank,,Shadd,Maia,,Deal,Kent,CT14 9QJ,01295-412046,maia_shadd@gmail.com,http://www.pigeonfallsstatebank.co.uk
950 Gordon St,01366-667615,Joseph Victor & Son Inc,,Logghe,Edwin,,Heanor and Loscoe,Derbyshire,DE75 7FZ,01627-549610,edwin_logghe@hotmail.com,http://www.josephvictorsoninc.co.uk
784 Juno St #7653,01406-216625,Unique Epoxy,,Semenza,Leigha,,North Horsham,West Sussex,RH12 4GW,01286-731684,lsemenza@yahoo.com,http://www.uniqueepoxy.co.uk
69 Chantrey St #90,01245-616596,Jim Dunnam Builder Inc,,Seeger,Walker,,Hickling,Norfolk,NR12 0YB,01531-463162,walker.seeger@yahoo.com,http://www.jimdunnambuilderinc.co.uk
4 Northbrook St #600,01679-150583,Richard Mulholland Prop Inc,,Rodrigues,Nakita,,Edmonton Green Ward,Greater London,N18 2NF,01607-496390,nakita_rodrigues@gmail.com,http://www.richardmulhollandpropinc.co.uk
526 Liffey St #759,01322-491007,"Page, Patricia A Esq",,Ozane,Kattie,,Westbury,Wiltshire,BA13 3QU,01807-524286,kozane@gmail.com,http://www.pagepatriciaaesq.co.uk
6301 Dorset Rd,01716-613102,T J Boyle & Associates,,Suite,Lamar,,Harefield Ward,Greater London,UB9 6LF,01885-144424,lsuite@yahoo.com,http://www.tjboyleassociates.co.uk
4 Summer Seat Bootle,01962-844141,Charles S Cavadini Cic,,Uken,Juliana,,Moulsecoomb and Bevendean Ward,Brighton and Hove,BN2 4TL,01981-109913,juliana.uken@yahoo.com,http://www.charlesscavadinicic.co.uk
84 Walton Village,01507-583669,Hydrick Law Offices,,Loftin,Chan,,Horfield Ward,Bristol,BS7 0AX,01698-163177,chan@gmail.com,http://www.hydricklawoffices.co.uk
8 Tagus St #9814,01322-480025,Bilar Tool & Die Inc,,Detamore,Delpha,,Cleator Moor,Cumbria,CA25 5EF,01517-750609,delpha.detamore@yahoo.com,http://www.bilartooldieinc.co.uk
770 Jamaica St,01882-970809,Sheplers Western Wear,,Tivis,Floyd,,Penmaenmawr Community,Conwy,LL34 6BH,01838-712829,floyd_tivis@hotmail.com,http://www.sheplerswesternwear.co.uk
11 Tetlow St,01607-329400,"Kelly, Mark C",,Besong,Chantell,,Parsons Green and Walham Ward,Greater London,SW6 4QP,01218-142767,chantell_besong@gmail.com,http://www.kellymarkc.co.uk
7642 Ledward St,01919-185409,Aviation Insurance Inc,,Fonua,Martin,,Cressington Ward,Merseyside,L19 0LN,01921-686016,mfonua@yahoo.com,http://www.aviationinsuranceinc.co.uk
1432 Rutland Ave,01594-744010,"Hall, Ronald A",,Erdman,Hyun,,Uckfield,East Sussex,TN22 9EF,01356-404829,hyun@gmail.com,http://www.hallronalda.co.uk
22 Harewood St #95,01576-627827,Advanced Engineering Assocs,,Arey,Nada,,Acton Trussell and Bednall,Staffordshire,ST17 0RU,01822-753601,nada@hotmail.com,http://www.advancedengineeringassocs.co.uk
645 Lister Drive,01634-662999,"Hirsch, Henry L Esq",,Pata,Elizabeth,,Denwick,Northumberland,NE66 2LQ,01571-674820,elizabeth@gmail.com,http://www.hirschhenrylesq.co.uk
8977 Old Leeds St #87,01725-615270,"Bremer, Duncan S Esq",,Washmuth,Dominic,,Beaminster,Dorset,DT8 3DR,01722-996936,dwashmuth@hotmail.com,http://www.bremerduncansesq.co.uk
22 Delamore St,01266-695304,Wnc Forklift Inc,,Packebush,Alise,,Hereford,Hereford and Worcester,HR1 2EA,01517-702273,alise.packebush@gmail.com,http://www.wncforkliftinc.co.uk
35 Walton Lane,01983-847833,"Hancock, John J Esq",,Bardsley,Flo,,Loughborough Ashby Ward,Leicestershire,LE11 4PF,01418-645161,flo.bardsley@hotmail.com,http://www.hancockjohnjesq.co.uk
22 Kilshaw St,01989-617161,Transbay Steel Corp,,Sandblom,Bonita,,Wimbledon Park Ward,Greater London,SW19 7DT,01723-502274,bsandblom@gmail.com,http://www.transbaysteelcorp.co.uk
1 Argyle St,01934-427282,"Severt, Todd D Esq",,Rush,Royal,,Hyde Werneth Ward,Greater Manchester,SK14 5AR,01809-860488,royal.rush@yahoo.com,http://www.severttodddesq.co.uk
3 Garden Lane,01492-454455,Active Air Systems,,Talentino,Erasmo,,Darton West Ward,South Yorkshire,S75 5JY,01304-185373,erasmo.talentino@hotmail.com,http://www.activeairsystems.co.uk
4309 Chisenhale St,01423-202676,A B E Doors & Windows,,Smeby,Mari,,Rock,Hereford and Worcester,DY14 9XQ,01733-169475,msmeby@gmail.com,http://www.abedoorswindows.co.uk
758 Woodhouse St,01966-685595,"Jackson, Donald M Esq",,Ventry,Eleonora,,Soho Ward,West Midlands,B21 0UE,01762-396161,eleonora@gmail.com,http://www.jacksondonaldmesq.co.uk
18 Ouse St,01611-691262,Wuhf Fox 31,,Shiraki,Therese,,Oakridge and Castlefield Ward,Buckinghamshire,HP11 2PJ,01703-441371,tshiraki@gmail.com,http://www.wuhffox.co.uk
5 Ruskin St,01576-536794,Gulf Atlantic Equipment Co Inc,,Scavuzzo,Rodolfo,,Irvine East Ward,North Ayrshire,KA11 2BP,01501-755479,rodolfo_scavuzzo@yahoo.com,http://www.gulfatlanticequipmentcoinc.co.uk
4565 Blackstock St,01710-616480,"Graham, John A Esq",,Fanelli,Cruz,,Springfields and Trent Vale Wa,Stoke-on-Trent,ST4 5BW,01314-202428,cruz@hotmail.com,http://www.grahamjohnaesq.co.uk
8361 Cottenham St,01907-958462,"Holzgrafe, Roger E Esq",,Dellinger,Arlyne,,Fawley,Hampshire,SO45 1QQ,01821-459979,arlyne.dellinger@yahoo.com,http://www.holzgraferogereesq.co.uk
1267 Audley St,01242-422459,Kaysers Nutrition Center,,Strejan,Edward,,Ise Lodge Ward,Northamptonshire,NN15 5DB,01659-505806,edward_strejan@gmail.com,http://www.kaysersnutritioncenter.co.uk
845 Atherton St,01455-958797,"Jones, Brigham P Esq",,Sheneman,Christoper,,Tatsfield,Kent,TN16 2AR,01732-922087,christoper@gmail.com,http://www.jonesbrighampesq.co.uk
150 Margaret Rd,01879-572287,Proctor & Associates Co,,Colamarino,Melda,,Kings Hill,Kent,ME19 4DT,01708-292140,melda.colamarino@colamarino.co.uk,http://www.proctorassociatesco.co.uk
9923 Dinorben St #4838,01925-895879,"Bork, Terry D Esq",,Peay,Margot,,Childs Hill Ward,Greater London,NW11 8DY,01913-339706,margot.peay@yahoo.com,http://www.borkterrydesq.co.uk
186 Craven St #68,01593-647422,Diamond Cbnts Div Wht Cons Ind,,Drozdenko,Gerald,,Little Ness,Shropshire,SY4 2JX,01210-465236,gdrozdenko@yahoo.com,http://www.diamondcbntsdivwhtconsind.co.uk
5160 High St #38,01731-573285,Trico Prods Corp,,Renno,Tomoko,,Goldsmid Ward,Brighton and Hove,BN3 6EA,01873-329707,tomoko@renno.co.uk,http://www.tricoprodscorp.co.uk
3833 Sidney Rd,01378-845450,"Ruello, Joseph F",,Wassmann,Mendy,,Cherryfield Ward,Merseyside,L32 3XS,01509-540345,mendy.wassmann@wassmann.co.uk,http://www.ruellojosephf.co.uk
6267 Greenland St,01391-238570,Petaluma Area Chamber Commrce,,Hilcher,Daryl,,Wakefield East Ward,West Yorkshire,WF1 4LW,01517-862819,dhilcher@hotmail.com,http://www.petalumaareachambercommrce.co.uk
14 Landseer Rd,01964-503521,Barnett Travel,,Feeback,Ty,,Nith Ward,Dumfries and Galloway,DG1 9SY,01661-450622,tfeeback@gmail.com,http://www.barnetttravel.co.uk
30 Seville St,01908-714833,Sdse Public Tv,,Vanacore,King,,Meads Ward,East Sussex,BN20 7QU,01651-442812,king_vanacore@yahoo.com,http://www.sdsepublictv.co.uk
79 Chelmsford St,01600-982590,Howland Machine Corp,,Varnado,Isidra,,Holywell Community,Flintshire,CH8 7UP,01591-464964,ivarnado@varnado.co.uk,http://www.howlandmachinecorp.co.uk
8 South John St,01683-204727,First Ozaukee Savings Bank,,Driesenga,Tonja,,Lamport,Northamptonshire,NN6 9XW,01384-883931,tdriesenga@driesenga.co.uk,http://www.firstozaukeesavingsbank.co.uk
50 Townsend St,01641-726098,General Truck Part & Equipment,,Featherston,Shaquana,,Chadderton Central Ward,Greater Manchester,OL9 0NS,01327-255886,shaquana@hotmail.com,http://www.generaltruckpartequipment.co.uk
7643 Campbell St,01304-758732,"Finlay, Joseph B Jr",,Feagins,Gilberto,,Penge and Cator Ward,Greater London,BR3 1LT,01315-831243,gfeagins@gmail.com,http://www.finlayjosephbjr.co.uk
371 Oakleigh,01955-496773,"Hering, Glenn Z Esq",,Faehnle,Rex,,Warminster,Wiltshire,BA12 8NR,01529-779988,rfaehnle@faehnle.co.uk,http://www.heringglennzesq.co.uk
9874 Oakfield Rd,01731-429712,"Moorhead, Bridget Klein Esq",,Cunningham,Adolph,,Redhill Ward,Tyne and Wear,SR5 5PT,01252-511174,adolph_cunningham@hotmail.com,http://www.moorheadbridgetkleinesq.co.uk
6 Princes St,01567-846944,Ottumwa Glass Co,,Leader,Queen,,East Kilbride West Ward,South Lanarkshire,G75 8YR,01445-288807,queen_leader@gmail.com,http://www.ottumwaglassco.co.uk
4190 Seacombe St,01583-168158,Ithaca Guitar Works Inc,,Rufenacht,Rebbecca,,Tiffield,Northamptonshire,NN12 8AA,01926-842843,rrufenacht@yahoo.com,http://www.ithacaguitarworksinc.co.uk
3145 Rhyl St,01813-786468,Bedford Books St Martins Prs,,Goldrup,Ardella,,Londesborough,E Riding of Yorkshire,YO43 3QE,01451-433176,ardella.goldrup@goldrup.co.uk,http://www.bedfordbooksstmartinsprs.co.uk
4919 Lime Grove,01356-551432,Em Building Products Inc,,Miyashiro,Dallas,,Whitchurch Urban,Cheshire,SY13 4HB,01752-585779,dallas_miyashiro@miyashiro.co.uk,http://www.embuildingproductsinc.co.uk
8 Carolina St,01907-573672,Mnpls Arprt Marriott,,Jenious,Vivan,,Northgate Ward,West Sussex,RH10 8EZ,01404-240746,vjenious@yahoo.com,http://www.mnplsarprtmarriott.co.uk
1592 Price St,01532-163009,Captain Copy,,Dzledzic,Han,,Ponteland,Northumberland,NE20 9TF,01303-831633,han_dzledzic@hotmail.com,http://www.captaincopy.co.uk
2 Weller St,01845-679016,Register Printing Co,,Guitierrez,Emilio,,Appleton Wiske,North Yorkshire,DL6 2AS,01363-466980,emilio_guitierrez@guitierrez.co.uk,http://www.registerprintingco.co.uk
18 Thomas St,01695-303367,Capitol Cadillac Company,,Cos,Latia,,Barnham,West Sussex,PO22 0JT,01871-192422,lcos@yahoo.com,http://www.capitolcadillaccompany.co.uk
42 Hey Green Rd,01752-399931,A 1 Plumbers Supply,,Cureau,Lilli,,Deepdale Ward,Lancashire,PR1 6TL,01363-139614,lilli@yahoo.com,http://www.aplumberssupply.co.uk
256 Vesuvius St #159,01455-447890,"Levering, Charles B Esq",,Siske,Maryanne,,Stutton with Hazlewood,North Yorkshire,LS24 9UA,01597-966938,maryanne@hotmail.com,http://www.leveringcharlesbesq.co.uk
82 Denison St #2642,01699-467608,Karl May General Contractor,,Strimple,Eliz,,Holyrood Ward,Greater Manchester,M25 1JB,01844-754890,eliz@gmail.com,http://www.karlmaygeneralcontractor.co.uk
1779 Bird St,01821-208235,C Leasing Company,,Gumaer,Laura,,East Sheen Ward,Greater London,SW14 8JZ,01798-839362,laura_gumaer@gmail.com,http://www.cleasingcompany.co.uk
99 College St South #1,01564-503370,Fire Protection Consultants,,Respicio,Leanora,,Byker Ward,Tyne and Wear,NE6 2RX,01694-477023,lrespicio@respicio.co.uk,http://www.fireprotectionconsultants.co.uk
29 Greenleaf St,01523-372834,Kxlt Radio (k 108 Fm),,Pomarico,Sherell,,Llangristiolus Community,Isle of Anglesey,LL62 5HD,01323-831572,spomarico@hotmail.com,http://www.kxltradiokfm.co.uk
39 Hooton Place,01295-844061,"Sotorrio, Rene A Esq",,Isita,Charlie,,"Neilston, Uplawmoor and Newton",East Renfrewshire,G78 3AB,01796-315694,charlie@isita.co.uk,http://www.sotorrioreneaesq.co.uk
198 Ranelagh Place,01632-762032,Cinemax Cable Pay Tv Svce,,Nuckolls,Veronique,,Central Buchan Ward,Aberdeenshire,AB43 6RD,01699-696279,vnuckolls@gmail.com,http://www.cinemaxcablepaytvsvce.co.uk
353 Standish St #8264,01559-403415,Combs Sheetmetal,,Villamarin,Antonio,,Little Parndon and Hare Street,Hertfordshire,CM20 2HT,01388-777812,antonio.villamarin@gmail.com,http://www.combssheetmetal.co.uk
87 Eldon Place,01315-409372,"Fineshriber, Marilyn Esq",,Kincannon,Louvenia,,Read,Lancashire,BB12 7RY,01600-973642,lkincannon@kincannon.co.uk,http://www.fineshribermarilynesq.co.uk
592 Catharine St,01317-299836,"Wallace, Bruce R Esq",,Hedegore,Roxanne,,Blantyre Ward,South Lanarkshire,G72 0RZ,01512-894063,roxanne_hedegore@gmail.com,http://www.wallacebruceresq.co.uk
1661 Arrow St,01746-129962,Domestic Intrntl Techlgy Ltd,,Hoffstot,Eve,,Kirk Hammerton,York,YO26 8DA,01314-564188,eve.hoffstot@yahoo.com,http://www.domesticintrntltechlgyltd.co.uk
7 Netley St,01840-188852,General Bindery Co Inc,,Koza,Kenda,,Custom House Ward,Greater London,E16 3DP,01476-264977,kkoza@koza.co.uk,http://www.generalbinderycoinc.co.uk
7 St Edmonds Rd,01539-784239,"Lee, Stan Dvm",,Mercik,Elden,,Nonington,Kent,CT15 4HH,01550-347724,elden_mercik@mercik.co.uk,http://www.leestandvm.co.uk
6996 Wrenbury St,01775-876516,"Chomsky, Charles Esq",,Ferre,Kami,,Foleshill Ward,West Midlands,CV6 5RS,01542-149965,kami@yahoo.com,http://www.chomskycharlesesq.co.uk
2 Prince Rupert St,01741-833047,Dustbooks,,Zeng,Selene,,West Wickham Ward,Greater London,BR3 6SX,01345-685146,selene@yahoo.com,http://www.dustbooks.co.uk
9970 Clyde Rd,01748-535438,Ric Lo Productions Ltd,,Rardon,Deangelo,,Woodham Ward,Surrey,KT15 3NW,01788-520912,deangelo_rardon@yahoo.com,http://www.ricloproductionsltd.co.uk
9 Fielding St,01654-865551,"Shohet, Grace C Esq",,Ailey,Olen,,Wombourne,Staffordshire,WV5 0BB,01354-169004,olen@gmail.com,http://www.shohetgracecesq.co.uk
555 Ludlow St,01973-841918,Lbt,,Smarsh,Lanie,,Trowbridge,Wiltshire,BA14 9JB,01731-921990,lanie@yahoo.com,http://www.lbt.co.uk
1 James St #4,01914-909214,Wky Am 930 Stereo,,Breheny,Lynna,,St. Andrews Ward,Fife,KY16 9EE,01868-440687,lynna@yahoo.com,http://www.wkyamstereo.co.uk
3 Byng St #524,01822-390245,Dan Dee Belt & Bag Co Inc,,Klitzing,Jody,,Pinhoe Ward,Devon,EX1 3SF,01783-870336,jody_klitzing@hotmail.com,http://www.dandeebeltbagcoinc.co.uk
425 Howley St,01463-409090,Saint Thomas Creations,,Glasford,Antonio,,Gaer Community,Newport,NP20 3DE,01242-318420,antonio_glasford@glasford.co.uk,http://www.saintthomascreations.co.uk
4041 Virgil St,01770-233355,New York C Liquidators Inc,,Scurci,Merilyn,,Headley,Surrey,KT18 6PZ,01617-651554,merilyn_scurci@hotmail.com,http://www.newyorkcliquidatorsinc.co.uk
32 High Park St #44,01727-926540,John Noda A Law Ofc Lawrence E,,Kins,Elliott,,St. Margarets with St. Nichola,Norfolk,PE30 1QE,01422-984862,elliott@gmail.com,http://www.johnnodaalawofclawrencee.co.uk
88 Vernon St,01515-840778,Mr Bar B Q Inc,,Devereux,Leonie,,Dunbar and East Linton Ward,East Lothian,EH42 1SJ,01859-764851,leonie_devereux@gmail.com,http://www.mrbarbqinc.co.uk
62 Euston St,01666-133305,Atec,,Syrop,Eulah,,Bunhill Ward,Greater London,EC1Y 8RT,01295-758471,eulah@syrop.co.uk,http://www.atec.co.uk
74 Medlock St,01203-684728,Allgood Industries,,Tarry,Marsha,,Chorlton Park Ward,Greater Manchester,M20 1JG,01490-554237,marsha.tarry@yahoo.com,http://www.allgoodindustries.co.uk
80 Talbot St,01934-252795,National Lime Association,,Luger,Mignon,,Edgeley and Cheadle Heath Ward,Cheshire,SK3 9RD,01491-473626,mignon@gmail.com,http://www.nationallimeassociation.co.uk
31 Buckingham Ave #3785,01578-744350,Gemini Hats & Accessories Inc,,Rivet,Tu,,Cotham Ward,Bristol,BS6 5SR,01577-559109,tu_rivet@gmail.com,http://www.geminihatsaccessoriesinc.co.uk
162 Grayson St,01624-595660,Creative Photography Inc,,Schantini,Adelle,,Greenlands Ward,Lancashire,FY2 0TD,01938-262356,adelle_schantini@yahoo.com,http://www.creativephotographyinc.co.uk
5 Webb St #8,01305-958705,"Goodspeed, Paul E Esq",,Fonnesbeck,Douglass,,Boothen and Oak Hill Ward,Stoke-on-Trent,ST4 1EB,01591-592334,douglass@fonnesbeck.co.uk,http://www.goodspeedpauleesq.co.uk
8092 Firdale Rd,01277-740331,Consolidated Aluminum,,Mazierski,Evette,,Stoneygate Ward,Leicester,LE5 5RE,01371-832134,emazierski@mazierski.co.uk,http://www.consolidatedaluminum.co.uk
68 Carno St,01374-376226,Guadalajara Bar & Grille,,Okoren,Geraldo,,City and Hunslet Ward,West Yorkshire,LS10 1SJ,01460-792423,gokoren@okoren.co.uk,http://www.guadalajarabargrille.co.uk
714 Moored St,01902-887021,Tejas Loans,,Pelayo,Clarinda,,Trelawnyd and Gwaenysgor Commu,Denbighshire,LL18 6DH,01824-104045,cpelayo@pelayo.co.uk,http://www.tejasloans.co.uk
545 North John St,01337-407282,Kyes Tv Channel 5,,Mccorrison,Reuben,,Cobham and Downside Ward,Surrey,KT11 2HT,01261-922803,reuben.mccorrison@hotmail.com,http://www.kyestvchannel.co.uk
21 Pilgrim St,01882-911812,Daily Advance,,Groody,Yen,,Leighton-Linslade,Bedfordshire,LU7 2NZ,01487-684191,ygroody@groody.co.uk,http://www.dailyadvance.co.uk
9772 Teilo St,01584-615989,Austin Periodical Services,,Milne,Tanja,,Hetton,Tyne and Wear,DH5 0PH,01646-529634,tanja.milne@yahoo.com,http://www.austinperiodicalservices.co.uk
33 Fonthill Rd,01993-956208,Granite Construction Co,,Holtgrewe,Jerlene,,Hodge Hill Ward,West Midlands,B36 8JE,01993-323238,jholtgrewe@yahoo.com,http://www.graniteconstructionco.co.uk
3 Ivyleigh,01291-250423,"Hoolahan, Catherine G Esq",,Keehner,Almeta,,Loundsley Green Ward,Derbyshire,S40 4LW,01221-177854,akeehner@hotmail.com,http://www.hoolahancatherinegesq.co.uk
501 Sandon Terrace #200,01950-109108,Morelli Hoskins Ford,,Brigham,Wilda,,Little Clacton,Essex,CO16 9LZ,01300-561046,wilda@brigham.co.uk,http://www.morellihoskinsford.co.uk
9 Duckenfield St,01536-498792,"Miller, Martin M Esq",,Arlinghaus,Remedios,,Aldbrough,E Riding of Yorkshire,HU11 4QA,01883-435283,remedios.arlinghaus@gmail.com,http://www.millermartinmesq.co.uk
5466 Sedley St,01626-590776,Advantage Title & Escrow Inc,,Alcazar,Margret,,Coatbridge South Ward,North Lanarkshire,ML5 4LJ,01633-731246,margret@alcazar.co.uk,http://www.advantagetitleescrowinc.co.uk
75 Brewster St #453,01349-134533,Ringo International Inc,,Casalenda,Denny,,Redlands Ward,Berkshire,RG1 5EX,01589-277770,dcasalenda@gmail.com,http://www.ringointernationalinc.co.uk
7901 Beech St,01815-665993,Dorval Trading Co Ltd,,Atkison,Carolynn,,St. Helier Ward,Greater London,SM4 5PY,01508-291713,carolynn.atkison@hotmail.com,http://www.dorvaltradingcoltd.co.uk
684 Cotswold St,01536-114519,Poag Grain Inc,,Goulbourne,Amina,,Victoria Ward,Greater London,E9 7NG,01830-969710,amina@yahoo.com,http://www.poaggraininc.co.uk
5 April Rd #13,01684-628072,Southwest Ms Shopg Bag,,Przybyl,Janna,,Wheatley Ward,South Yorkshire,DN1 2TU,01560-680129,jprzybyl@przybyl.co.uk,http://www.southwestmsshopgbag.co.uk
8 Village St,01660-135336,Scott Marlow Agency,,Sayre,Emiko,,Windlesham,Surrey,GU18 5YQ,01348-284404,emiko.sayre@yahoo.com,http://www.scottmarlowagency.co.uk
7 Haddock St #34,01574-363346,Nursefinders,,Muns,In,,Saint Annes on the Sea,Lancashire,FY8 3TF,01381-491881,in_muns@muns.co.uk,http://www.nursefinders.co.uk
9 Mather St,01208-373467,"Simpson, Fred B Esq",,Vanscoik,Eleni,,Sutton Vesey Ward,West Midlands,B73 6HH,01628-638196,eleni_vanscoik@gmail.com,http://www.simpsonfredbesq.co.uk
70 Rose Vale,01797-837270,Fast Cash,,Alsbury,Kandis,,Reydon,Suffolk,IP18 6PE,01651-807856,kalsbury@hotmail.com,http://www.fastcash.co.uk
29 Oregon St,01515-506025,Mitchell Silliman Co Inc,,Saltman,Kina,,Ruddington,Nottinghamshire,NG11 6JT,01788-849591,kina_saltman@gmail.com,http://www.mitchellsillimancoinc.co.uk
15 East Albert Rd,01820-396117,"Praver, David L Esq",,Sterback,Jacki,,Kingston Bagpuize with Southmo,Oxfordshire,OX13 5AW,01935-736077,jacki.sterback@gmail.com,http://www.praverdavidlesq.co.uk
3186 Naylor St,01538-649750,"Rotenstreich, H Andrew Esq",,Kerfoot,Fallon,,Manor Castle Ward,South Yorkshire,S2 1HP,01505-472052,fallon.kerfoot@gmail.com,http://www.rotenstreichhandrewesq.co.uk
9 Herbert St #77,01687-288043,Sigmacom Corporation,,Brabble,Precious,,Shenley,Hertfordshire,WD7 9AQ,01800-154821,precious_brabble@brabble.co.uk,http://www.sigmacomcorporation.co.uk
9830 Croxteth Rd,01469-868357,Real Isle Properties,,Ona,Glory,,Pontefract North Ward,West Yorkshire,WF8 3YR,01535-699216,glory_ona@gmail.com,http://www.realisleproperties.co.uk
1054 Gladys St,01954-979729,"Liss, Amy Esq",,Tyburski,Tamesha,,Bellshill Ward,North Lanarkshire,ML4 3EJ,01834-599647,tamesha.tyburski@gmail.com,http://www.lissamyesq.co.uk
921 Douro St #1520,01947-472569,Real Estate Appraisals Inc,,Cutlip,Brande,,Rhoose Community,Vale of Glamorgan,CF62 3HN,01502-230191,bcutlip@yahoo.com,http://www.realestateappraisalsinc.co.uk
180 Frodsham St,01250-453315,"Luby, Joseph K Esq",,Skubis,Olene,,Grovehill Ward,Hertfordshire,HP2 7BD,01805-925115,olene_skubis@yahoo.com,http://www.lubyjosephkesq.co.uk
7217 Edge Grove,01750-379103,New River Tire Company Inc,,Marchetta,Carey,,Sharston Ward,Greater Manchester,M22 4ZB,01498-699971,cmarchetta@hotmail.com,http://www.newrivertirecompanyinc.co.uk
12 Gelling St,01670-547878,"Farber, Mindy Esq",,Torez,Launa,,Trossachs and Teith Ward,Stirling,FK16 6DU,01919-422541,launa.torez@yahoo.com,http://www.farbermindyesq.co.uk
763 Roscoe St,01341-700830,"Nohr, Katharine M Esq",,Whitrock,Dominga,,Lobley Hill and Bensham Ward,Tyne and Wear,NE11 0AN,01382-638017,dominga@whitrock.co.uk,http://www.nohrkatharinemesq.co.uk
419 St Andrew St,01822-404490,Skuttle Mfg Co,,Belyea,Dwight,,Tibberton,Hereford and Worcester,WR9 7NS,01498-287540,dbelyea@belyea.co.uk,http://www.skuttlemfgco.co.uk
623 Cornhill,01608-748971,"Cheek, John D Esq",,Mccrossin,Cornell,,Stretton,Staffordshire,DE13 0DH,01279-418098,cornell.mccrossin@mccrossin.co.uk,http://www.cheekjohndesq.co.uk
328 Havelock St #61,01685-141932,National Catholic Reporter,,Topete,Alverta,,Addlestone Bourneside Ward,Surrey,KT15 2NL,01665-348077,alverta.topete@gmail.com,http://www.nationalcatholicreporter.co.uk
1056 College St South,01722-395799,Strescon Industries Inc,,Claybrooks,Felicia,,Chester-le-Street North and Ea,County Durham,DH2 2JZ,01451-992860,felicia@claybrooks.co.uk,http://www.stresconindustriesinc.co.uk
11 Denison St #7,01692-491267,"Norda, Beth Dorsey Esq",,Gillham,Carmen,,Orford Ward,Cheshire,WA2 9QB,01417-973243,carmen@hotmail.com,http://www.nordabethdorseyesq.co.uk
30 Daulby St,01832-837946,Indiana Electronics Corp,,Beyl,Ashlee,,Brympton,Somerset,BA20 2EJ,01605-854121,ashlee.beyl@hotmail.com,http://www.indianaelectronicscorp.co.uk
201 Bran St,01206-207771,Port Delivery Systems,,Land,Vannessa,,Ashford Common Ward,Surrey,TW15 2AJ,01553-402712,vannessa.land@yahoo.com,http://www.portdeliverysystems.co.uk
1346 Vandyke St,01539-157435,"Meder, Randy F Cpa",,Rempel,Patti,,Hove Park Ward,Brighton and Hove,BN3 6NS,01334-638031,patti@rempel.co.uk,http://www.mederrandyfcpa.co.uk
883 Howe St,01790-887225,S M Copiers,,Meyerhoff,German,,Clayton-le-Moors Ward,Lancashire,BB5 5TJ,01808-674829,german@meyerhoff.co.uk,http://www.smcopiers.co.uk
231 Wordsworth St,01942-654793,Milton Terry Associates,,Marse,Anika,,Harrow Weald Ward,Greater London,HA3 6TH,01654-746253,anika@marse.co.uk,http://www.miltonterryassociates.co.uk
2449 Amberly St #6364,01264-145506,Pro Img Mktng & Pub Rel Inc,,Marola,Cristina,,Temple Newsam Ward,West Yorkshire,LS15 0PQ,01538-230493,cmarola@gmail.com,http://www.proimgmktngpubrelinc.co.uk
8430 Shadwell St,01580-252868,Computer Security Cnslnts Inc,,Allis,Lemuel,,Great Barr with Yew Tree Ward,West Midlands,WS5 4SU,01704-416123,lemuel_allis@yahoo.com,http://www.computersecuritycnslntsinc.co.uk
115 Lister Rd,01616-548910,Sport Toyota,,Hysom,Joaquin,,Barnfield Ward,Lancashire,BB5 2EY,01475-223867,jhysom@gmail.com,http://www.sporttoyota.co.uk
7855 Sir Thomas St #7499,01854-749084,Kinkos Copies,,Makuch,Kerrie,,Calstock,Cornwall,PL17 8AR,01966-883088,kmakuch@gmail.com,http://www.kinkoscopies.co.uk
1 Milton St,01927-151413,Putnam Co Inc,,Raterman,Alaine,,Little Missenden,Buckinghamshire,HP16 0DH,01525-172423,alaine@hotmail.com,http://www.putnamcoinc.co.uk
1111 Nesfield St,01620-435994,Hungs,,Kobayashi,Shannon,,Tonge with the Haulgh Ward,Greater Manchester,BL2 2SU,01436-122588,shannon@yahoo.com,http://www.hungs.co.uk
1831 Richards St #8,01933-753592,Herculite Mason Supply Inc,,Holman,Corinne,,Berkhamsted,Hertfordshire,HP4 2AF,01857-675359,corinne@holman.co.uk,http://www.herculitemasonsupplyinc.co.uk
8054 Low Hill,01958-748582,New England Die Co Inc,,Hallford,Heidy,,Prestbury,Gloucestershire,GL52 3BY,01753-105955,hhallford@hotmail.com,http://www.newenglanddiecoinc.co.uk
7252 Dansie St,01721-694690,Barker Electronics,,Shonerd,Marylyn,,East Finchley Ward,Greater London,N2 9JL,01449-123164,marylyn_shonerd@yahoo.com,http://www.barkerelectronics.co.uk
76 Paulton St,01618-628525,"Mullins, Glen Esq",,Mortenson,Maryln,,Lancaster Gate Ward,Greater London,W2 3JT,01421-574935,maryln@gmail.com,http://www.mullinsglenesq.co.uk
4 Cochrane St,01235-935599,Marine Safety International,,Flori,Pearlie,,Iwade,Kent,ME9 8UJ,01583-844244,pearlie_flori@gmail.com,http://www.marinesafetyinternational.co.uk
5679 Gloucester Pl,01434-621318,Ramm Metals Inc,,Yaklin,Nina,,Calton Ward,Dunbartonshire,G40 4BH,01370-171283,nyaklin@hotmail.com,http://www.rammmetalsinc.co.uk
45 Ledward St,01782-100832,Finley Colmer & Co,,Torrain,Vivienne,,Wilsden,West Yorkshire,BD15 0NJ,01377-242360,vivienne@hotmail.com,http://www.finleycolmerco.co.uk
4 Monmouth Rd,01550-463222,Acc Automation Inc,,Kippel,Jacob,,Llwyn-y-Pia Community,Rhondda Cynon Taff,CF40 2JJ,01567-215689,jacob.kippel@yahoo.com,http://www.accautomationinc.co.uk
64 Croyland St,01846-815511,"Anstoetter, Mark D Esq",,Nahmias,Tula,,Clackmannanshire South Ward,Clackmannanshire,FK10 2LA,01320-223056,tnahmias@nahmias.co.uk,http://www.anstoettermarkdesq.co.uk
4 Vivian St,01379-603039,American Fine Foods Inc,,Scandalis,Berry,,Corporation Park Ward,Lancashire,BB2 6LB,01375-150068,berry.scandalis@gmail.com,http://www.americanfinefoodsinc.co.uk
35 Dublin St,01270-893129,Dohn Law Offices Inc Ps,,Carsten,Kaycee,,Cirencester,Gloucestershire,GL7 2EY,01837-463418,kaycee.carsten@gmail.com,http://www.dohnlawofficesincps.co.uk
87 Pickup St,01401-151569,Rex Internatl,,Setter,Melvin,,Franche Ward,Hereford and Worcester,DY10 2ZQ,01938-566719,melvin_setter@setter.co.uk,http://www.rexinternatl.co.uk
7 Cottenham St,01519-417660,Bender & Associates,,Matsumura,Brianne,,Mossend and Holytown Ward,North Lanarkshire,ML1 4TD,01979-425319,brianne@matsumura.co.uk,http://www.benderassociates.co.uk
622 Holmes St,01839-920108,Fashion Corner Inc,,Pelzer,Eugene,,Heath Town Ward,Staffordshire,WV10 0AW,01413-591144,eugene_pelzer@gmail.com,http://www.fashioncornerinc.co.uk
40 Peters Lane,01634-340524,C G Mccullough Insurance Agcy,,Rohrs,Margery,,Long Preston,North Yorkshire,BD23 4NF,01933-273913,margery@hotmail.com,http://www.cgmcculloughinsuranceagcy.co.uk
2 Cockburn St,01868-736780,Orkin Exterminating Co Inc,,Sarra,Noel,,Seaham,County Durham,SR7 0AR,01874-679913,nsarra@gmail.com,http://www.orkinexterminatingcoinc.co.uk
65 Oban Rd,01322-144392,Bauer Coatings,,Lingo,Beula,,St. Austell,Cornwall,PL25 5AH,01525-977834,beula_lingo@yahoo.com,http://www.bauercoatings.co.uk
31 Davy St,01512-765064,Word & Image Workshop Inc,,Mckenize,Sheridan,,Aveton Gifford,Devon,TQ7 4NF,01776-874349,sheridan.mckenize@hotmail.com,http://www.wordimageworkshopinc.co.uk
80 Ellerslie Rd,01802-634391,Container Decorating Inc,,Meinert,Dino,,Trotton with Chithurst,West Sussex,GU31 5JN,01636-635483,dino.meinert@yahoo.com,http://www.containerdecoratinginc.co.uk
4 Sherwood St,01708-724957,"Cullen, Jack J Esq",,Rubinstein,Rebbeca,,Speke-Garston Ward,Merseyside,L24 6SH,01862-469721,rebbeca_rubinstein@hotmail.com,http://www.cullenjackjesq.co.uk
8362 Whithorn St,01309-159593,Bridger Valley General Store,,Reisling,Celia,,Leatherhead South Ward,Surrey,KT22 8AP,01299-509105,celia.reisling@hotmail.com,http://www.bridgervalleygeneralstore.co.uk
25 Dale St #2,01698-705920,Robert Vance Ltd,,Weatherwax,Stefania,,Kirkintilloch East and Twechar,East Dunbartonshire,G66 3LX,01879-295373,sweatherwax@yahoo.com,http://www.robertvanceltd.co.uk
68 Scotland Place,01777-851028,Safeguard Chemical Corp,,Luchterhand,Leah,,Loughborough Hastings Ward,Leicestershire,LE11 2NX,01615-475126,leah@hotmail.com,http://www.safeguardchemicalcorp.co.uk
338 Alfonso Rd,01270-345115,Taylor Inn,,Selma,Billy,,Alphington Ward,Devon,EX2 8LL,01907-239135,billy.selma@yahoo.com,http://www.taylorinn.co.uk
65 Rankin St,01943-467489,"Barr, Albert S Iii",,Lucore,Doug,,Woodford cum Membris,Northamptonshire,NN11 3QR,01744-123819,dlucore@yahoo.com,http://www.barralbertsiii.co.uk
8 Cookson St,01456-906658,Las Vegas Art Museum,,Mcclodden,Veronica,,Temple Newsam Ward,West Yorkshire,LS15 9EP,01238-284853,veronica@hotmail.com,http://www.lasvegasartmuseum.co.uk
7 Lockhart St,01725-370369,Bayou Welding Works Inc,,Kho,Laquanda,,Billesley Ward,West Midlands,B14 5HS,01271-465942,laquanda.kho@yahoo.com,http://www.bayouweldingworksinc.co.uk
363 Vandries St,01705-240007,"Kenyon, William R Esq",,Poitra,Mohammad,,Milton Ward,Essex,SS0 7TF,01216-234330,mpoitra@yahoo.com,http://www.kenyonwilliamresq.co.uk
8 Gertrude St,01348-989703,Fox Vision Center,,Westad,Mozell,,Mossley,Greater Manchester,OL5 0QJ,01766-783716,mozell.westad@westad.co.uk,http://www.foxvisioncenter.co.uk
826 Rumney Rd West #7,01407-312329,Edgemere Finance Company,,Bridgford,Bronwyn,,Dingwall and Seaforth Ward,Highland,IV15 9SD,01917-604110,bronwyn.bridgford@yahoo.com,http://www.edgemerefinancecompany.co.uk
954 Madelaine St,01593-501965,Jeh Construction Co,,Brossoit,Jeff,,Central Ward,Wiltshire,SN5 8WG,01383-683074,jeff.brossoit@yahoo.com,http://www.jehconstructionco.co.uk
7602 Brook St #86,01516-850881,Smith & Dekay Ps,,Hopman,Shantay,,Broomhill Ward,Nottinghamshire,NG18 9SZ,01252-239714,shopman@hopman.co.uk,http://www.smithdekayps.co.uk
966 Bower St,01721-910475,Posey Company,,Jirsa,Chantay,,Frimley Green Ward,Surrey,GU16 9BB,01324-899303,chantay_jirsa@jirsa.co.uk,http://www.poseycompany.co.uk
2 Seacombe St,01919-731224,Mueller Repro Blue Printg,,Stpierrie,Keneth,,Littleborough Lakeside Ward,Greater Manchester,OL15 0JP,01325-412836,keneth_stpierrie@hotmail.com,http://www.muellerreproblueprintg.co.uk
83 Battenburg St,01767-568989,Reliable Metalcraft Inc,,Rampy,Alton,,Girvan and South Carrick Ward,South Ayrshire,KA26 0DY,01506-160673,alton_rampy@gmail.com,http://www.reliablemetalcraftinc.co.uk
2 Whitefield Rd,01842-131065,"Dworkin, Michael L",,Teisberg,Patrick,,Leigh-on-Sea,Essex,SS9 2DJ,01217-730044,patrick@hotmail.com,http://www.dworkinmichaell.co.uk
869 Luke St,01655-809574,"Percival, Mark R Esq",,Merriam,Theron,,Wonersh,Surrey,GU5 0QU,01859-311417,theron@merriam.co.uk,http://www.percivalmarkresq.co.uk
4 Ogwen St,01356-866584,Demer Normann Smith Ltd,,Seelig,Pilar,,Chichester,West Sussex,PO19 9PF,01814-760513,pilar@yahoo.com,http://www.demernormannsmithltd.co.uk
205 Forge St #4021,01422-728149,Kluza Associates,,Argiro,Lashunda,,Stainburn,North Yorkshire,LS21 2LS,01653-381714,lashunda@yahoo.com,http://www.kluzaassociates.co.uk
999 Upper Harrington St #61,01754-426672,Ardrox,,Chiphe,Verda,,Earlestown Ward,Merseyside,WA12 9WX,01349-935774,vchiphe@chiphe.co.uk,http://www.ardrox.co.uk
3 Greenleaf St #5644,01951-324927,Everythings A Dollar,,Tropp,Ashley,,Blyth,Northumberland,NE24 2RY,01602-307715,ashley.tropp@gmail.com,http://www.everythingsadollar.co.uk
493 Wellington Rd,01772-461124,Tool Service Company Inc,,Havely,Vesta,,Upper Rawcliffe-with-Tarnacre,Lancashire,PR3 0UH,01571-126025,vhavely@havely.co.uk,http://www.toolservicecompanyinc.co.uk
1257 Stone St,01681-212638,Mcdonald Service Station,,Ritthaler,Emogene,,Northwood Ward,Greater London,HA6 1AN,01638-969550,emogene.ritthaler@yahoo.com,http://www.mcdonaldservicestation.co.uk
1 Bousfield St,01286-279043,Don Allen & Associates Pa,,Mordhorst,Shayne,,Shrewsbury,Shropshire,SY3 8NG,01450-144052,smordhorst@mordhorst.co.uk,http://www.donallenassociatespa.co.uk
59 Westminster Rd,01748-827176,"Cappello, A Barry Esq",,Charry,Franchesca,,Empress Ward,Hampshire,GU14 8AY,01707-624969,franchesca@gmail.com,http://www.cappelloabarryesq.co.uk
143 Clark St #802,01934-672498,"Hyland, Richard S Esq",,Ringlein,Elmira,,Halliwell Ward,Greater Manchester,BL1 2PS,01347-140077,eringlein@gmail.com,http://www.hylandrichardsesq.co.uk
421 Monument Place #44,01421-624966,Diesel Recon,,Madlem,Destiny,,Hartburn Ward,Stockton-on-Tees,TS21 1BA,01819-393510,destiny@yahoo.com,http://www.dieselrecon.co.uk
8 Gullett St,01651-911453,Red Giant Foods Inc,,Szumski,Gaston,,West Garioch Ward,Aberdeenshire,AB51 0HT,01923-233578,gaston.szumski@hotmail.com,http://www.redgiantfoodsinc.co.uk
2767 Pembroke St #979,01214-651738,Bethesda Gazette,,Mittler,Ronna,,Roundway,Wiltshire,SN10 3FQ,01794-156776,ronna_mittler@hotmail.com,http://www.bethesdagazette.co.uk
47 Orry St #8243,01472-449327,Chemical Consultants,,Poisso,Angelica,,Castleford Central and Glassho,West Yorkshire,WF10 4DW,01758-700994,apoisso@gmail.com,http://www.chemicalconsultants.co.uk
5 Noon St,01289-195823,Wenatchee Valley Fed Crdt Un,,Arzilli,Casie,,Melton Dorian Ward,Leicestershire,LE13 0RG,01372-334070,casie@gmail.com,http://www.wenatcheevalleyfedcrdtun.co.uk
510 Belvidere Rd,01546-162965,Southern Interiors Inc,,Cocherell,Magdalene,,Patching Hall Ward,Essex,CM1 4BY,01420-141828,magdalene_cocherell@yahoo.com,http://www.southerninteriorsinc.co.uk
860 Rokeby St,01445-796544,Pan Optx,,Gath,Erasmo,,Sunningdale,Berkshire,SL5 0AZ,01650-307192,egath@hotmail.com,http://www.panoptx.co.uk
9362 Solomon St #97,01414-349699,"Arias, Michele Ann Md",,Ziv,Rosalia,,Castle Ward,Northamptonshire,NN8 4DR,01552-437406,rosalia.ziv@ziv.co.uk,http://www.ariasmicheleannmd.co.uk
916 Strand St #4753,01672-538356,Print Shop,,Cronholm,Lyda,,Leek,Staffordshire,ST13 5AW,01347-674237,lyda.cronholm@cronholm.co.uk,http://www.printshop.co.uk
5 Bentinck St,01831-806301,Wstu 1450 Am Radio Station,,Stueber,Lisandra,,Churchill Ward,Greater London,SW1V 3EW,01876-118051,lisandra_stueber@hotmail.com,http://www.wstuamradiostation.co.uk
954 Birchdale Rd,01932-112259,T J Ward & Associates Inc,,Prok,Sabina,,Aspley Ward,Nottinghamshire,NG8 5PY,01304-274937,sabina.prok@prok.co.uk,http://www.tjwardassociatesinc.co.uk
7 Great Orford St,01470-383444,Bell Service Systems Inc,,Gomoran,Elenore,,Callington,Cornwall,PL17 7DT,01863-322796,elenore_gomoran@yahoo.com,http://www.bellservicesystemsinc.co.uk
488 Mulberry St,01963-124789,Magic Valley Irrigation Supply,,Capra,Brynn,,Ravenshead,Nottinghamshire,NG15 9AE,01702-314016,brynn_capra@yahoo.com,http://www.magicvalleyirrigationsupply.co.uk
1761 Johnstone St,01906-807997,Fleetwood Area School District,,Flory,Leeann,,Church Langley Ward,Essex,CM17 9TZ,01997-771926,leeann@gmail.com,http://www.fleetwoodareaschooldistrict.co.uk
8899 Mere Lane,01506-627051,Alaska State Troopers,,Steimer,Janet,,Midlothian West Ward,City of Edinburgh,EH20 9SJ,01698-817116,janet_steimer@hotmail.com,http://www.alaskastatetroopers.co.uk
6 St Hilda St,01954-643657,Lasting Impressions,,Mellom,Lewis,,Central Ward,South Yorkshire,S1 1EQ,01511-606180,lewis@yahoo.com,http://www.lastingimpressions.co.uk
2725 Underley St #6452,01257-928278,Glass Express,,Driscol,Jestine,,Grangemouth Ward,Falkirk,FK3 8UB,01811-872937,jestine_driscol@driscol.co.uk,http://www.glassexpress.co.uk
6061 Back Nile St,01567-457572,Quantum Consultants Inc,,Parks,Tatum,,Rhos-on-Sea Community,Conwy,LL28 4NL,01818-141397,tparks@parks.co.uk,http://www.quantumconsultantsinc.co.uk
9735 Linton St #2284,01312-772111,J A Associates,,Bendle,Kayleigh,,Kingswells,Aberdeenshire,AB16 7RW,01355-733333,kayleigh.bendle@bendle.co.uk,http://www.jaassociates.co.uk
9 Herbert St,01600-986258,Ide Haigney & Radio,,Imondi,Lili,,Blyth,Northumberland,NE24 3DQ,01934-479439,lili_imondi@hotmail.com,http://www.idehaigneyradio.co.uk
40 Cairo St,01416-686933,"Dale, George F Esq",,Senechal,Sunshine,,Warwick,Warwickshire,CV34 5LQ,01839-700945,sunshine.senechal@hotmail.com,http://www.dalegeorgefesq.co.uk
7199 St Clare Rd,01718-274321,M A C Insurance Agency,,Heier,Remona,,Inverclyde South Ward,Inverclyde,PA16 7BT,01967-508345,remona.heier@heier.co.uk,http://www.macinsuranceagency.co.uk
6 Conyers St #3346,01292-196869,Audrey M Borland Studios,,Carris,Gail,,Hamilton South Ward,South Lanarkshire,ML3 7TE,01547-190531,gcarris@hotmail.com,http://www.audreymborlandstudios.co.uk
8657 Cedar St #2,01573-788734,"Mayo, Timothy L Esq",,Oropeza,Dong,,Kinross-shire Ward,Perth and Kinross,KY13 8EQ,01955-221720,doropeza@hotmail.com,http://www.mayotimothylesq.co.uk
8 Jacob St,01577-443040,"Hollett, Byron P Esq",,Ocacio,Larue,,Daybrook Ward,Nottinghamshire,NG5 6JB,01654-933782,larue@yahoo.com,http://www.hollettbyronpesq.co.uk
6174 Botanic Pl,01867-720033,Veri Nu Products Corp,,Sonkens,Goldie,,Ravensthorpe Ward,Cambridgeshire,PE3 7BJ,01523-949034,gsonkens@sonkens.co.uk,http://www.verinuproductscorp.co.uk
9730 Dunnet St,01818-260618,"Schen, Sanford E Md",,Plues,Shelia,,Silloth-on-Solway,Cumbria,CA7 4RB,01574-927461,shelia@gmail.com,http://www.schensanfordemd.co.uk
8783 High St,01724-644767,Danka Business Systems,,Araiza,Narcisa,,Milton,Cambridgeshire,CB24 6ZR,01689-339758,naraiza@hotmail.com,http://www.dankabusinesssystems.co.uk
8 Breckfield Road North,01289-621482,"Hasselberg, Michael R Esq",,Frede,Evelynn,,Seaham,County Durham,SR7 0AZ,01571-460710,evelynn.frede@gmail.com,http://www.hasselbergmichaelresq.co.uk
82 Waterhouse Lane,01448-395723,Ed Miniat Inc,,Calaf,Arlean,,Llantrisant Community,Rhondda Cynon Taff,CF72 8LB,01407-700390,acalaf@yahoo.com,http://www.edminiatinc.co.uk
2 Park Rd Walton #4338,01891-816938,Davis Commercial Contracting,,Yu,Tamra,,Lansdown Ward,Gloucestershire,GL50 2LF,01635-523740,tamra.yu@hotmail.com,http://www.daviscommercialcontracting.co.uk
59 Charles St,01642-202972,"Garton, Jeffrey P Esq",,Maricle,Dusti,,Victoria Ward,Kent,TN23 4GF,01806-219415,dusti@gmail.com,http://www.gartonjeffreypesq.co.uk
593 Kinglake St,01924-111018,Sm Toth Baldridge & Van Belkum,,Donham,Aracelis,,Fowlmere,Cambridgeshire,SG8 7TP,01420-311467,aracelis.donham@hotmail.com,http://www.smtothbaldridgevanbelkum.co.uk
404 Aigburth St #4246,01559-323337,Westoaks Glass,,Fredrikson,Filiberto,,Audley Ward,Lancashire,BB1 2AA,01727-322116,filiberto_fredrikson@gmail.com,http://www.westoaksglass.co.uk
690 Copenhagen Rd,01248-325090,Direct Tools & Fasteners,,Stackpole,Leana,,Warham,Norfolk,NR23 1NJ,01386-257445,lstackpole@yahoo.com,http://www.directtoolsfasteners.co.uk
7 Canton St,01590-219449,Applied Robotic Tech Inc,,Homer,Man,,Mildmay Ward,Greater London,N1 4RF,01855-550515,man.homer@gmail.com,http://www.appliedrobotictechinc.co.uk
79 Pine St,01585-487560,Air Tech Streamlining,,Asley,Lennie,,Radcliffe West Ward,Greater Manchester,M26 1GH,01802-349902,lennie_asley@gmail.com,http://www.airtechstreamlining.co.uk
9 Lodwick St,01255-805722,E Zaks & Co,,Naomi,Arletta,,City and Hunslet Ward,West Yorkshire,LS1 8HZ,01518-773815,arletta_naomi@naomi.co.uk,http://www.ezaksco.co.uk
9 Ogwen St,01477-796750,Olden Camera & Lens Co Inc,,Perera,Chana,,Murdostoun Ward,North Lanarkshire,ML2 8LW,01858-335054,chana.perera@hotmail.com,http://www.oldencameralenscoinc.co.uk
1730 Seymour St,01308-582144,"Madaus, Gerald F Jr",,Pao,Nell,,Eastbrook Ward,Brighton and Hove,BN41 1QH,01773-576318,npao@gmail.com,http://www.madausgeraldfjr.co.uk
35 Elton St #3,01324-171614,Radisson Suite Hotel,,Heilig,Antonio,,Ipplepen,Devon,TQ12 5LL,01442-946357,antonio.heilig@gmail.com,http://www.radissonsuitehotel.co.uk
8 Hinton St #8241,01504-620944,Digital Solutions Inc,,Kernagis,Gerald,,Stowting,Kent,TN25 6BQ,01685-678054,gerald_kernagis@kernagis.co.uk,http://www.digitalsolutionsinc.co.uk
751 Stamford St,01886-226100,El Hispanic News,,Mandril,Sueann,,Werrington,Staffordshire,ST9 0AH,01717-449960,smandril@hotmail.com,http://www.elhispanicnews.co.uk
70 Royal St,01964-720542,South Bldg Code Congres,,Hoyal,Alayna,,Banchory and Mid Deeside Ward,Aberdeenshire,AB31 4AH,01983-132813,alayna_hoyal@hotmail.com,http://www.southbldgcodecongres.co.uk
5 Minerva St,01711-170147,Kenney Mfg Co,,Marthe,Talia,,Westbury,Wiltshire,BA13 3QR,01607-480159,talia.marthe@gmail.com,http://www.kenneymfgco.co.uk
1 Northampton St,01674-842315,Oncor Inc,,Kopan,Pansy,,Madeley,Shropshire,TF7 4GA,01627-571972,pansy@kopan.co.uk,http://www.oncorinc.co.uk
2 Maple Grove,01972-770618,Best Western Caprock Inn,,Saik,Royce,,Kincorth,Aberdeenshire,AB12 5EJ,01431-812225,royce@hotmail.com,http://www.bestwesterncaprockinn.co.uk
794 Hook St,01753-327307,"Wiltgen, Nancy A Esq",,Sorrel,Cherelle,,Benwell and Scotswood Ward,Tyne and Wear,NE15 7JA,01212-458253,cherelle_sorrel@gmail.com,http://www.wiltgennancyaesq.co.uk
91 Ludlow St,01997-409950,"Mcknight, H Vincent Jr",,Dibartolo,Dudley,,Woodhouse Ward,Greater London,N12 0EF,01722-935404,dudley_dibartolo@yahoo.com,http://www.mcknighthvincentjr.co.uk
51 Freehold St #224,01388-974910,Miller Searl & Fitch,,Aldaco,Nettie,,Wheatley Ward,"Yorkshire, South",DN2 4PP,01681-983353,nettie.aldaco@yahoo.com,http://www.millersearlfitch.co.uk
7 Hey Green Rd #4,01885-707109,"Brenner, Steven G Esq",,Bulcao,Carline,,Rothwell Ward,West Yorkshire,LS26 8XE,01381-330004,carline@yahoo.com,http://www.brennerstevengesq.co.uk
2476 Marsh St,01329-303595,Western Packing Co,,Lunger,Shanda,,Markhouse Ward,Greater London,E17 8NP,01620-180931,slunger@gmail.com,http://www.westernpackingco.co.uk
597 Threlfall St #72,01523-697097,Ardent Studios Inc,,Withers,Emilio,,Stokenham,Devon,TQ7 2HS,01890-447894,emilio_withers@yahoo.com,http://www.ardentstudiosinc.co.uk
1 Jervis St,01593-438141,Borton Petrini & Conron,,Study,Lovetta,,High Barnet Ward,Greater London,EN5 4LH,01424-249976,lovetta@study.co.uk,http://www.bortonpetriniconron.co.uk
7602 Grantham St,01691-816025,A F Supl Co Div Automtc Firing,,Gone,Felice,,Hexham,Northumberland,NE46 1QQ,01888-857515,felice.gone@hotmail.com,http://www.afsuplcodivautomtcfiring.co.uk
10 Carisbrooke St,01706-546951,Murray Whisnant Architects,,Leadbeater,Stefania,,Shorne,Kent,DA12 3ED,01356-906646,stefania_leadbeater@hotmail.com,http://www.murraywhisnantarchitects.co.uk
78 Pine Grove,01215-422453,1893 Shops,,Orloski,Margarita,,Stannington Ward,South Yorkshire,S6 5HE,01958-497953,margarita_orloski@yahoo.com,http://www.shops.co.uk
7 Varthen St,01407-775572,"Dering, James E Esq",,Farrin,Paul,,Town Ward,Kent,DA1 2DL,01879-963638,paul.farrin@farrin.co.uk,http://www.deringjameseesq.co.uk
8 Thomaston St,01818-292728,Waltons Carson Gardens,,Tritten,Anglea,,Astley Bridge Ward,Greater Manchester,BL1 8RG,01436-350784,anglea_tritten@hotmail.com,http://www.waltonscarsongardens.co.uk
527 Harding St,01467-554624,Cohen And Fromm Pc,,Bowhall,Ona,,Market Rasen,Lincolnshire,LN8 3AD,01984-207421,ona@yahoo.com,http://www.cohenandfrommpc.co.uk
1616 Menzies St #453,01366-388506,Prg Company,,Hascall,Germaine,,Tadworth and Walton Ward,Surrey,KT20 7PA,01957-962781,ghascall@hotmail.com,http://www.prgcompany.co.uk
3922 Leda St,01625-805645,Medlab Environmental Test Inc,,Schellenberge,Vicky,,Moreton Morrell,Warwickshire,CV35 9BX,01602-772009,vschellenberge@hotmail.com,http://www.medlabenvironmentaltestinc.co.uk
6352 Grosvenor St,01470-609953,Leem Company Inc,,Gross,Carolann,,Wombourne,Staffordshire,WV5 0LP,01672-859754,carolann@gross.co.uk,http://www.leemcompanyinc.co.uk
4313 Princes Park Terrace,01467-172590,"Clarke, James H Esq",,Adelsperger,Rusty,,Launceston,Cornwall,PL15 9QN,01338-121225,rusty.adelsperger@yahoo.com,http://www.clarkejameshesq.co.uk
9 Sydney Place,01903-614855,Lykes Bros Inc,,Bludworth,Cassandra,,Henllan Community,Conwy,LL16 5AF,01583-648675,cbludworth@yahoo.com,http://www.lykesbrosinc.co.uk
2015 Suburban Rd,01914-501391,Mason Insurance Agency Inc,,Gesell,Teresita,,Springfield Ward,Greater London,N16 6TD,01372-236506,teresita_gesell@hotmail.com,http://www.masoninsuranceagencyinc.co.uk
769 Euston St,01563-997671,J T Painting Corp,,Gius,Evangelina,,Glastonbury,Somerset,BA6 8EY,01377-310696,evangelina.gius@yahoo.com,http://www.jtpaintingcorp.co.uk
46 Stevenson St,01919-394681,Solomon Metals Inc,,Tromblay,Marlon,,West End Ward,Dundee City,DD1 5EF,01869-607955,mtromblay@yahoo.com,http://www.solomonmetalsinc.co.uk
1400 Ash St,01446-936944,Looking Good,,Scarsella,Quiana,,Thorpe Hamlet Ward,Norfolk,NR1 4HS,01492-687388,quiana_scarsella@hotmail.com,http://www.lookinggood.co.uk
8822 Trafalgar St,01721-747819,Guldstrand Engineering Inc,,Humeniuk,Viki,,Yalding,Kent,ME18 6JE,01381-985978,vhumeniuk@gmail.com,http://www.guldstrandengineeringinc.co.uk
28 Berwick St,01606-833878,"Ciocia, James A Esq",,Weissmann,Domitila,,Moordown Ward,Bournemouth,BH9 1TT,01928-189722,domitila@gmail.com,http://www.ciociajamesaesq.co.uk
94 Regent St,01478-392232,Center For Pediatrics,,Aronov,Ivan,,Over Kellet,Lancashire,LA6 1DB,01410-877250,ivan@gmail.com,http://www.centerforpediatrics.co.uk
30 Marine Parade #1,01994-675650,William A Geppert True Value,,Baldock,Anabel,,Staina Ward,Lancashire,FY5 4FN,01845-742562,anabel_baldock@hotmail.com,http://www.williamagepperttruevalue.co.uk
8 Pim Hill St,01437-681317,Hardware Specialty Co Inc,,Blyler,Carlton,,Portobello,City of Edinburgh,EH15 2HW,01604-200932,carlton@blyler.co.uk,http://www.hardwarespecialtycoinc.co.uk
8451 Bengel St,01286-317691,Creative Consultants,,Vera,Rashida,,Brixham,Devon,TQ5 9JW,01913-489634,rashida@hotmail.com,http://www.creativeconsultants.co.uk
159 Carlton St,01481-744296,Fhk Corp,,Knodel,Sherron,,Windle Ward,Merseyside,WA10 6QG,01222-556548,sherron@knodel.co.uk,http://www.fhkcorp.co.uk
38 Raffles St,01285-381062,Regis Brd Pro Engrs & Land,,Mossing,Cora,,Newmarket,Cambridgeshire,CB8 8QE,01699-194090,cora@yahoo.com,http://www.regisbrdproengrsland.co.uk
650 Goring St,01373-594236,Male Power Ltd,,Tischner,Altha,,Rainham South Ward,Kent,ME8 9PN,01698-785700,altha@hotmail.com,http://www.malepowerltd.co.uk
6 Chestnut St,01528-240870,Atc Power Systems,,Yaccarino,Dortha,,Gwersyllt Community,Wrexham,LL11 4RJ,01254-458143,dortha@hotmail.com,http://www.atcpowersystems.co.uk
4 Peover St,01275-397587,Farmers Electric Co Op Inc,,Augle,Diego,,Walcot Ward,Bath Avon,BA1 6EF,01933-666689,diego.augle@gmail.com,http://www.farmerselectriccoopinc.co.uk
328 Pallas St,01619-237602,"Goldberg, Stephen M Esq",,Khov,Peggy,,Longford Ward,Greater Manchester,M32 8LJ,01648-417310,peggy.khov@gmail.com,http://www.goldbergstephenmesq.co.uk
9 Waltham Rd,01872-808403,Best Wstrn Host Mtr Htl Palm,,Yuki,Walton,,Yealmpton,Devon,PL8 2NS,01885-290666,wyuki@gmail.com,http://www.bestwstrnhostmtrhtlpalm.co.uk
352 Strathmore Rd,01251-120872,Micro Lan,,Yafaie,Vallie,,Shiphay-with-the-Willows Ward,Devon,TQ2 7JB,01630-603260,vyafaie@hotmail.com,http://www.microlan.co.uk
529 Llanrwst St,01765-102036,Dilling Harris Inc,,Diazdeleon,Tony,,Southam,Gloucestershire,GL52 8TW,01877-593275,tony@gmail.com,http://www.dillingharrisinc.co.uk
1980 Tynemouth St,01375-870188,Horizon Air Magazine,,Villot,Val,,Almond Ward,West Lothian,EH52 5PY,01602-987840,val@yahoo.com,http://www.horizonairmagazine.co.uk
8598 Rumney Rd,01885-270480,Avante Limited,,Picciuto,Mel,,Hylands Ward,Essex,RM11 1QL,01268-443299,mel.picciuto@gmail.com,http://www.avantelimited.co.uk
9283 Ruth St #81,01979-186995,"Miller, William E Iii",,Piatkowski,Isabella,,Dormers Wells Ward,Greater London,UB1 2FH,01998-980054,isabella_piatkowski@piatkowski.co.uk,http://www.millerwilliameiii.co.uk
5544 Sutherland St,01507-386397,Martin Morrissey,,Rhea,Erasmo,,Mortehoe,Devon,EX34 7DQ,01899-316385,erasmo_rhea@hotmail.com,http://www.martinmorrissey.co.uk
9 Jackson St,01876-642683,Auto Body Color,,Lohrenz,Ivory,,Parr Ward,Merseyside,WA9 3QW,01651-132519,ivory@hotmail.com,http://www.autobodycolor.co.uk
3612 Bixteth St,01282-123434,"Fred, Anthony Esq",,Walka,Nikita,,Hucknall North Ward,Nottinghamshire,NG15 8DD,01724-455145,nwalka@hotmail.com,http://www.fredanthonyesq.co.uk
4545 Victoria Rd,01952-535977,Advantage Bookkeeping,,Ligons,Aleta,,Kilbirnie and Beith Ward,North Ayrshire,KA15 1AT,01715-637895,aleta_ligons@hotmail.com,http://www.advantagebookkeeping.co.uk
5 Hampden St,01467-142439,Capital Fasteners Inc,,Jentzen,Owen,,Liscard Ward,Merseyside,CH45 4RN,01917-137038,owen_jentzen@jentzen.co.uk,http://www.capitalfastenersinc.co.uk
6452 Pilgrim St #5,01990-476494,Cumberland Vacuum Products,,Fling,Pauline,,Seven Sisters Ward,Greater London,N15 6TH,01458-113457,pfling@fling.co.uk,http://www.cumberlandvacuumproducts.co.uk
1149 Highfield Rd #996,01242-532395,"Schwartz, Thomas E Esq",,Machalek,Tijuana,,Fareham South Ward,Hampshire,PO14 9JJ,01336-686264,tijuana.machalek@gmail.com,http://www.schwartzthomaseesq.co.uk
21 Pickwick St,01567-555570,Alliance Construction Co Inc,,Alsaqri,Ahmad,,Sutton cum Duckmanton,Derbyshire,S44 5DS,01852-550588,ahmad.alsaqri@yahoo.com,http://www.allianceconstructioncoinc.co.uk
19 Soho St,01726-595316,"Keller, Raymond C",,Conoly,Jamika,,Whitley Ward,Berkshire,RG1 9XH,01597-168997,jamika_conoly@conoly.co.uk,http://www.kellerraymondc.co.uk
236 Blantyre Rd,01982-734773,Proto Tek Manufacturing,,Dolloff,Derrick,,Everton Ward,Merseyside,L6 2EN,01619-554437,derrick_dolloff@gmail.com,http://www.prototekmanufacturing.co.uk
70 Lilly Rd,01846-581451,Great Clips For Hair,,Reibman,Jacquelyne,,Shirley Ward,Greater London,CR0 7PT,01850-754504,jacquelyne_reibman@yahoo.com,http://www.greatclipsforhair.co.uk
58 Gloucester Rd,01888-641397,Country Kitchen,,Freeburger,Zachary,,Holbrook,Derbyshire,DE56 0TX,01240-433924,zachary.freeburger@freeburger.co.uk,http://www.countrykitchen.co.uk
88 Upper Harrington St,01504-539114,T C E Systems Inc,,Gaucher,Sophia,,North East Ward,North Lanarkshire,G69 8EL,01254-919378,sophia.gaucher@hotmail.com,http://www.tcesystemsinc.co.uk
4920 Fazakerley Rd,01552-682601,Rock Springs Petroleum Equip,,Kono,Isabelle,,Plymstock Dunstone Ward,Devon,PL9 8RD,01953-816728,isabelle.kono@yahoo.com,http://www.rockspringspetroleumequip.co.uk
6 Morley St,01943-754681,Howard Johnson,,Brigman,Ronnie,,Batchwood Ward,Hertfordshire,AL3 5JN,01972-686199,ronnie@brigman.co.uk,http://www.howardjohnson.co.uk
7316 Friar St,01441-846477,Harris Oldsmobile Inc,,Schlabaugh,Krystina,,Salvington Ward,West Sussex,BN13 3FL,01332-799979,kschlabaugh@schlabaugh.co.uk,http://www.harrisoldsmobileinc.co.uk
8 Heathfield St #657,01273-236188,"Jurdem, Scott Esq",,Ausdemore,Rosita,,Hailsham,East Sussex,BN27 1AJ,01997-765432,rausdemore@hotmail.com,http://www.jurdemscottesq.co.uk
275 Peel Sq,01502-139578,Lindner Funds,,Stancil,Huey,,Park Ward,North Eart Lincolnshire,DN32 0PT,01468-195646,hstancil@hotmail.com,http://www.lindnerfunds.co.uk
726 Westmoreland Place,01724-467889,"Donald, G Nelson Esq",,Fiorino,Elbert,,Ballochmyle Ward,East Ayrshire,KA5 6EL,01992-537553,elbert@hotmail.com,http://www.donaldgnelsonesq.co.uk
7 Water St,01853-412588,Cia Inspection,,Manciel,Pura,,Priory Heath Ward,Suffolk,IP3 9RB,01386-437186,pura.manciel@yahoo.com,http://www.ciainspection.co.uk
4 Covent Garden,01333-436799,Nelsons Trmt & Pest Cntrl Co,,Katie,Alesia,,Farnworth Ward,Greater Manchester,BL4 7AF,01240-614527,alesia_katie@gmail.com,http://www.nelsonstrmtpestcntrlco.co.uk
9166 Devon St #905,01748-625058,Plaza Gourmet Delicatessen,,Veit,Avery,,Knightsbridge and Belgravia Wa,Greater London,SW1W 8JY,01369-185737,avery@veit.co.uk,http://www.plazagourmetdelicatessen.co.uk
70 Foster St,01916-963261,"Fitzgerald, Edward J",,Euresti,Reid,,Inverness Ness-Side Ward,Highland,IV2 6WT,01370-319414,reuresti@euresti.co.uk,http://www.fitzgeraldedwardj.co.uk
714 Fonthill Rd,01888-152110,Furey & Associates,,Brenning,Charlette,,Darton West Ward,South Yorkshire,S75 5EJ,01301-312487,cbrenning@brenning.co.uk,http://www.fureyassociates.co.uk
9 Milton St,01877-379681,Bfg Federal Credit Union,,Keeny,Celestina,,Consett North ED,County Durham,DH8 5LP,01600-463475,celestina_keeny@gmail.com,http://www.bfgfederalcreditunion.co.uk
6 Norwood Grove,01451-785624,Nelson Wright Haworth Golf Crs,,Richan,Mi,,Tanworth-in-Arden,Warwickshire,B94 5RZ,01202-738406,mi@hotmail.com,http://www.nelsonwrighthaworthgolfcrs.co.uk